> Task :catalog:processResources
> Task :shared-config:compileJava NO-SOURCE
> Task :shared-config:processResources UP-TO-DATE
> Task :shared-config:classes UP-TO-DATE
> Task :shared-config:jar UP-TO-DATE
> Task :catalog:quarkusGenerateAppModel UP-TO-DATE
> Task :catalog:quarkusGenerateCode
> Task :catalog:quarkusGenerateDevAppModel UP-TO-DATE
> Task :catalog:quarkusGenerateCodeDev
> Task :catalog:compileJava UP-TO-DATE
> Task :catalog:classes
> Task :catalog:processTestResources UP-TO-DATE
> Task :catalog:compileQuarkusTestGeneratedSourcesJava NO-SOURCE
> Task :catalog:quarkusGenerateTestAppModel UP-TO-DATE
> Task :catalog:quarkusGenerateCodeTests
> Task :catalog:compileTestJava UP-TO-DATE
> Task :catalog:testClasses UP-TO-DATE

> Task :catalog:quarkusDev
Listening for transport dt_socket at address: 5005
Press [[94me[39m] to edit command line args (currently '[32m[39m'), [[94mh[39m] for more options>
[94mTests paused[39m
Press [[94me[39m] to edit command line args (currently '[32m[39m'), [[94mr[39m] to resume testing, [[94mh[39m] for more options>
Press [[94me[39m] to edit command line args (currently '[32m[39m'), [[94mr[39m] to resume testing, [[94mo[39m] Toggle test output, [[94mh[39m] for more options>
[38;5;145m2025-12-16 22:03:28,018[39m[38;5;188m [39m[38;5;107mINFO [39m[38;5;188m traceId=[39m[38;5;85m[39m[38;5;188m, spanId=[39m[38;5;85m[39m[38;5;188m [[39m[38;5;69mio.qua.sma.dep.processor[39m[38;5;188m] ([39m[38;5;71mbuild-7[39m[38;5;188m) [39m[38;5;151m[39mGenerating Jackson serializer for type [38;5;188mcom.akfc.catalog.events.ResourceCreatedEvent[39m[39m[38;5;203m[39m[38;5;227m
[39m__  ____  __  _____   ___  __ ____  ______ 
 --/ __ \/ / / / _ | / _ \/ //_/ / / / __/ 
 -/ /_/ / /_/ / __ |/ , _/ ,< / /_/ /\ \   
--\___\_\____/_/ |_/_/|_/_/|_|\____/___/   
[38;5;145m2025-12-16 22:03:29,590[39m[38;5;188m [39m[38;5;137mWARN [39m[38;5;188m traceId=[39m[38;5;85m[39m[38;5;188m, spanId=[39m[38;5;85m[39m[38;5;188m [[39m[38;5;69mio.qua.config[39m[38;5;188m] ([39m[38;5;71mQuarkus Main Thread[39m[38;5;188m) [39m[38;5;151m[39mUnrecognized configuration key "[38;5;188mquarkus.stork.users-service.service-discovery.consul-host[39m" was provided; it will be ignored; verify that the dependency extension for this configuration is set or that you did not make a typo[39m[38;5;203m[39m[38;5;227m
[39m[38;5;145m2025-12-16 22:03:29,590[39m[38;5;188m [39m[38;5;137mWARN [39m[38;5;188m traceId=[39m[38;5;85m[39m[38;5;188m, spanId=[39m[38;5;85m[39m[38;5;188m [[39m[38;5;69mio.qua.config[39m[38;5;188m] ([39m[38;5;71mQuarkus Main Thread[39m[38;5;188m) [39m[38;5;151m[39mUnrecognized configuration key "[38;5;188mquarkus.stork.reviews-service.service-discovery.consul-port[39m" was provided; it will be ignored; verify that the dependency extension for this configuration is set or that you did not make a typo[39m[38;5;203m[39m[38;5;227m
[39m[38;5;145m2025-12-16 22:03:29,590[39m[38;5;188m [39m[38;5;137mWARN [39m[38;5;188m traceId=[39m[38;5;85m[39m[38;5;188m, spanId=[39m[38;5;85m[39m[38;5;188m [[39m[38;5;69mio.qua.config[39m[38;5;188m] ([39m[38;5;71mQuarkus Main Thread[39m[38;5;188m) [39m[38;5;151m[39mUnrecognized configuration key "[38;5;188mquarkus.stork.users-service.service-discovery.type[39m" was provided; it will be ignored; verify that the dependency extension for this configuration is set or that you did not make a typo[39m[38;5;203m[39m[38;5;227m
[39m[38;5;145m2025-12-16 22:03:29,590[39m[38;5;188m [39m[38;5;137mWARN [39m[38;5;188m traceId=[39m[38;5;85m[39m[38;5;188m, spanId=[39m[38;5;85m[39m[38;5;188m [[39m[38;5;69mio.qua.config[39m[38;5;188m] ([39m[38;5;71mQuarkus Main Thread[39m[38;5;188m) [39m[38;5;151m[39mUnrecognized configuration key "[38;5;188mquarkus.stork.reviews-service.service-discovery.consul-host[39m" was provided; it will be ignored; verify that the dependency extension for this configuration is set or that you did not make a typo[39m[38;5;203m[39m[38;5;227m
[39m[38;5;145m2025-12-16 22:03:29,590[39m[38;5;188m [39m[38;5;137mWARN [39m[38;5;188m traceId=[39m[38;5;85m[39m[38;5;188m, spanId=[39m[38;5;85m[39m[38;5;188m [[39m[38;5;69mio.qua.config[39m[38;5;188m] ([39m[38;5;71mQuarkus Main Thread[39m[38;5;188m) [39m[38;5;151m[39mUnrecognized configuration key "[38;5;188mquarkus.stork.users-service.service-discovery.consul-port[39m" was provided; it will be ignored; verify that the dependency extension for this configuration is set or that you did not make a typo[39m[38;5;203m[39m[38;5;227m
[39m[38;5;145m2025-12-16 22:03:29,590[39m[38;5;188m [39m[38;5;137mWARN [39m[38;5;188m traceId=[39m[38;5;85m[39m[38;5;188m, spanId=[39m[38;5;85m[39m[38;5;188m [[39m[38;5;69mio.qua.config[39m[38;5;188m] ([39m[38;5;71mQuarkus Main Thread[39m[38;5;188m) [39m[38;5;151m[39mUnrecognized configuration key "[38;5;188mquarkus.stork.reviews-service.service-discovery.type[39m" was provided; it will be ignored; verify that the dependency extension for this configuration is set or that you did not make a typo[39m[38;5;203m[39m[38;5;227m
[39m[38;5;145m2025-12-16 22:03:29,601[39m[38;5;188m [39m[38;5;137mWARN [39m[38;5;188m traceId=[39m[38;5;85m[39m[38;5;188m, spanId=[39m[38;5;85m[39m[38;5;188m [[39m[38;5;69mio.qua.config[39m[38;5;188m] ([39m[38;5;71mQuarkus Main Thread[39m[38;5;188m) [39m[38;5;151m[39mThe "[38;5;188mquarkus.hibernate-orm.database.generation[39m" config property is deprecated and should not be used anymore.[39m[38;5;203m[39m[38;5;227m
[39m[38;5;145m2025-12-16 22:03:29,892[39m[38;5;188m [39m[38;5;137mWARN [39m[38;5;188m traceId=[39m[38;5;85m[39m[38;5;188m, spanId=[39m[38;5;85m[39m[38;5;188m [[39m[38;5;69mio.qua.ope.run.tra.int.ver.OpenTelemetryVertxTracingFactory$VertxDelegator[39m[38;5;188m] ([39m[38;5;71mvert.x-eventloop-thread-0[39m[38;5;188m) [39m[38;5;151mVertxTracer delegate not set. Will not submit this trace. SpanKind: RPC; Request: io.vertx.core.http.impl.HttpRequestHead@40aac216; Operation:GET.[39m[38;5;203m[39m[38;5;227m
[39m[38;5;145m2025-12-16 22:03:29,910[39m[38;5;188m [39m[38;5;137mWARN [39m[38;5;188m traceId=[39m[38;5;85m[39m[38;5;188m, spanId=[39m[38;5;85m[39m[38;5;188m [[39m[38;5;69mio.qua.ope.run.tra.int.ver.OpenTelemetryVertxTracingFactory$VertxDelegator[39m[38;5;188m] ([39m[38;5;71mvert.x-eventloop-thread-0[39m[38;5;188m) [39m[38;5;151mVertxTracer delegate not set. Will not submit this trace. Response: io.vertx.core.http.impl.HttpResponseHead@52761acd; Failure: null.[39m[38;5;203m[39m[38;5;227m
[39m[38;5;145m2025-12-16 22:03:29,932[39m[38;5;188m [39m[38;5;137mWARN [39m[38;5;188m traceId=[39m[38;5;85m[39m[38;5;188m, spanId=[39m[38;5;85m[39m[38;5;188m [[39m[38;5;69mio.qua.ope.run.tra.int.ver.OpenTelemetryVertxTracingFactory$VertxDelegator[39m[38;5;188m] ([39m[38;5;71mvert.x-eventloop-thread-0[39m[38;5;188m) [39m[38;5;151mVertxTracer delegate not set. Will not submit this trace. SpanKind: RPC; Request: io.vertx.core.http.impl.HttpRequestHead@18922e6c; Operation:GET.[39m[38;5;203m[39m[38;5;227m
[39m[38;5;145m2025-12-16 22:03:29,936[39m[38;5;188m [39m[38;5;137mWARN [39m[38;5;188m traceId=[39m[38;5;85m[39m[38;5;188m, spanId=[39m[38;5;85m[39m[38;5;188m [[39m[38;5;69mio.qua.ope.run.tra.int.ver.OpenTelemetryVertxTracingFactory$VertxDelegator[39m[38;5;188m] ([39m[38;5;71mvert.x-eventloop-thread-0[39m[38;5;188m) [39m[38;5;151mVertxTracer delegate not set. Will not submit this trace. Response: io.vertx.core.http.impl.HttpResponseHead@33c5e197; Failure: null.[39m[38;5;203m[39m[38;5;227m
[39m[38;5;145m2025-12-16 22:03:29,948[39m[38;5;188m [39m[38;5;137mWARN [39m[38;5;188m traceId=[39m[38;5;85m[39m[38;5;188m, spanId=[39m[38;5;85m[39m[38;5;188m [[39m[38;5;69mio.qua.oid.run.TenantConfigContextImpl[39m[38;5;188m] ([39m[38;5;71mvert.x-eventloop-thread-0[39m[38;5;188m) [39m[38;5;151mSecret key for encrypting OIDC authorization code flow tokens in a session cookie is not configured, auto-generating it. Note that a new secret will be generated after a restart, thus making it impossible to decrypt the session cookie and requiring a user re-authentication. Use 'quarkus.oidc.token-state-manager.encryption-secret' to configure an encryption secret. Alternatively, disable session cookie encryption with 'quarkus.oidc.token-state-manager.encryption-required=false' but only if it is considered to be safe in your application's network.[39m[38;5;203m[39m[38;5;227m
[39m[35m[Hibernate][0m 
    [34mset[0m client_min_messages = WARNING
[35m[Hibernate][0m 
    [34malter[0m [34mtable[0m [34mif[0m [34mexists[0m resource_keywords 
       [34mdrop[0m [34mconstraint[0m [34mif[0m [34mexists[0m FK7agkg7q1sy11f04tl1hxw8ims
[35m[Hibernate][0m 
    [34mdrop[0m [34mtable[0m [34mif[0m [34mexists[0m resource_keywords [34mcascade[0m
[35m[Hibernate][0m 
    [34mdrop[0m [34mtable[0m [34mif[0m [34mexists[0m resources [34mcascade[0m
[35m[Hibernate][0m 
    [34mcreate[0m [34mtable[0m resource_keywords (
        resource_id [34mbigint[0m [34mnot[0m [34mnull[0m,
        keyword [34mvarchar[0m(100)
    )
[35m[Hibernate][0m 
    [34mcreate[0m [34mtable[0m resources (
        archived [34mboolean[0m [34mnot[0m [34mnull[0m,
        [34myear[0m [34minteger[0m [34mnot[0m [34mnull[0m [34mcheck[0m (([34myear[0m>=1000) [34mand[0m ([34myear[0m<=9999)),
        created_at [34mtimestamp[0m(6) [34mnot[0m [34mnull[0m,
        id [34mbigint[0m generated [34mby[0m [34mdefault[0m [34mas[0m [34midentity[0m,
        updated_at [34mtimestamp[0m(6) [34mnot[0m [34mnull[0m,
        status [34mvarchar[0m(20) [34mnot[0m [34mnull[0m [34mcheck[0m ((status [34min[0m ([36m'AVAILABLE'[0m,[36m'UNAVAILABLE'[0m,[36m'RESERVED'[0m))),
        type [34mvarchar[0m(20) [34mnot[0m [34mnull[0m [34mcheck[0m ((type [34min[0m ([36m'BOOK'[0m,[36m'MOVIE'[0m,[36m'MUSIC'[0m))),
        created_by [34mvarchar[0m(100),
        modified_by [34mvarchar[0m(100),
        archive_reason [34mvarchar[0m(500),
        illustration_url [34mvarchar[0m(500),
        creator [34mvarchar[0m(255) [34mnot[0m [34mnull[0m,
        title [34mvarchar[0m(255) [34mnot[0m [34mnull[0m,
        [34mprimary[0m [34mkey[0m (id)
    )
[35m[Hibernate][0m 
    [34mcreate[0m index idx_resource_title 
       [34mon[0m resources (title)
[35m[Hibernate][0m 
    [34mcreate[0m index idx_resource_type 
       [34mon[0m resources (type)
[35m[Hibernate][0m 
    [34mcreate[0m index idx_resource_year 
       [34mon[0m resources ([34myear[0m)
[35m[Hibernate][0m 
    [34mcreate[0m index idx_resource_status 
       [34mon[0m resources (status)
[35m[Hibernate][0m 
    [34mcreate[0m index idx_resource_archived 
       [34mon[0m resources (archived)
[35m[Hibernate][0m 
    [34malter[0m [34mtable[0m [34mif[0m [34mexists[0m resource_keywords 
       [34madd[0m [34mconstraint[0m FK7agkg7q1sy11f04tl1hxw8ims 
       [34mforeign[0m [34mkey[0m (resource_id) 
       [34mreferences[0m resources
[38;5;145m2025-12-16 22:03:30,561[39m[38;5;188m [39m[38;5;107mINFO [39m[38;5;188m traceId=[39m[38;5;85m[39m[38;5;188m, spanId=[39m[38;5;85m[39m[38;5;188m [[39m[38;5;69mio.qua.oid.run.dev.ui.OidcDevUiRecorder[39m[38;5;188m] ([39m[38;5;71mQuarkus Main Thread[39m[38;5;188m) [39m[38;5;151m[39mOIDC Dev Console: discovering the provider metadata at [38;5;188mhttp://localhost:8180/auth/realms/training/.well-known/openid-configuration[39m[39m[38;5;203m[39m[38;5;227m
[39m[38;5;145m2025-12-16 22:03:30,741[39m[38;5;188m [39m[38;5;107mINFO [39m[38;5;188m traceId=[39m[38;5;85m[39m[38;5;188m, spanId=[39m[38;5;85m[39m[38;5;188m [[39m[38;5;69mio.sma.rea.mes.kafka[39m[38;5;188m] ([39m[38;5;71msmallrye-kafka-producer-thread-0[39m[38;5;188m) [39m[38;5;151m[39mSRMSG18258: Kafka producer [38;5;188mkafka-producer-resource-events[39m, connected to Kafka brokers '[38;5;188mlocalhost:29092[39m', is configured to write records to '[38;5;188mlibrary-resources[39m'[39m[38;5;203m[39m[38;5;227m
[39m[38;5;145m2025-12-16 22:03:30,781[39m[38;5;188m [39m[38;5;107mINFO [39m[38;5;188m traceId=[39m[38;5;85m[39m[38;5;188m, spanId=[39m[38;5;85m[39m[38;5;188m [[39m[38;5;69mcom.akf.cat.int.goo.GoogleBooksSyncService[39m[38;5;188m] ([39m[38;5;71mQuarkus Main Thread[39m[38;5;188m) [39m[38;5;151m================================================================================[39m[38;5;203m[39m[38;5;227m
[39m[38;5;145m2025-12-16 22:03:30,781[39m[38;5;188m [39m[38;5;107mINFO [39m[38;5;188m traceId=[39m[38;5;85m[39m[38;5;188m, spanId=[39m[38;5;85m[39m[38;5;188m [[39m[38;5;69mcom.akf.cat.int.goo.GoogleBooksSyncService[39m[38;5;188m] ([39m[38;5;71mQuarkus Main Thread[39m[38;5;188m) [39m[38;5;151mStarting Google Books synchronization...[39m[38;5;203m[39m[38;5;227m
[39m[38;5;145m2025-12-16 22:03:30,781[39m[38;5;188m [39m[38;5;107mINFO [39m[38;5;188m traceId=[39m[38;5;85m[39m[38;5;188m, spanId=[39m[38;5;85m[39m[38;5;188m [[39m[38;5;69mcom.akf.cat.int.goo.GoogleBooksSyncService[39m[38;5;188m] ([39m[38;5;71mQuarkus Main Thread[39m[38;5;188m) [39m[38;5;151m================================================================================[39m[38;5;203m[39m[38;5;227m
[39m[38;5;145m2025-12-16 22:03:30,830[39m[38;5;188m [39m[38;5;107mINFO [39m[38;5;188m traceId=[39m[38;5;85m[39m[38;5;188m, spanId=[39m[38;5;85m[39m[38;5;188m [[39m[38;5;69mcom.akf.cat.int.goo.GoogleBooksSyncService[39m[38;5;188m] ([39m[38;5;71mQuarkus Main Thread[39m[38;5;188m) [39m[38;5;151m[39mSyncing books for 3 authors: [38;5;188mJules Verne, Victor Hugo, Ali Koudri[39m[39m[38;5;203m[39m[38;5;227m
[39m[38;5;145m2025-12-16 22:03:30,831[39m[38;5;188m [39m[38;5;107mINFO [39m[38;5;188m traceId=[39m[38;5;85m[39m[38;5;188m, spanId=[39m[38;5;85m[39m[38;5;188m [[39m[38;5;69mcom.akf.cat.int.goo.GoogleBooksSyncService[39m[38;5;188m] ([39m[38;5;71mQuarkus Main Thread[39m[38;5;188m) [39m[38;5;151m[39mFetching books for author: [38;5;188mJules Verne[39m[39m[38;5;203m[39m[38;5;227m
[39m[38;5;145m2025-12-16 22:03:31,523[39m[38;5;188m [39m[38;5;107mINFO [39m[38;5;188m traceId=[39m[38;5;85m[39m[38;5;188m, spanId=[39m[38;5;85m[39m[38;5;188m [[39m[38;5;69mcom.akf.cat.int.goo.GoogleBooksSyncService[39m[38;5;188m] ([39m[38;5;71mQuarkus Main Thread[39m[38;5;188m) [39m[38;5;151m[39mFound 20 books for author: [38;5;188mJules Verne[39m[39m[38;5;203m[39m[38;5;227m
[39m[38;5;145m2025-12-16 22:03:31,524[39m[38;5;188m [39m[38;5;107mINFO [39m[38;5;188m traceId=[39m[38;5;85m[39m[38;5;188m, spanId=[39m[38;5;85m[39m[38;5;188m [[39m[38;5;69mcom.akf.cat.int.goo.GoogleBooksSyncService[39m[38;5;188m] ([39m[38;5;71mQuarkus Main Thread[39m[38;5;188m) [39m[38;5;151m[39mSuccessfully converted 20/20 books to resources[39m[38;5;203m[39m[38;5;227m
[39m[35m[Hibernate][0m 
    [34mselect[0m
        r1_0.id,
        r1_0.archive_reason,
        r1_0.archived,
        r1_0.created_at,
        r1_0.created_by,
        r1_0.creator,
        r1_0.illustration_url,
        r1_0.modified_by,
        r1_0.status,
        r1_0.title,
        r1_0.type,
        r1_0.updated_at,
        r1_0.[34myear[0m 
    [34mfrom[0m
        resources r1_0 
    [34mwhere[0m
        lower(r1_0.title)=lower(?) 
        [34mand[0m lower(r1_0.creator)=lower(?) 
        [34mand[0m r1_0.archived=[34mfalse[0m
[35m[Hibernate][0m 
    [34minsert[0m 
    [34minto[0m
        resources
        (archive_reason, archived, created_at, created_by, creator, illustration_url, modified_by, status, title, type, updated_at, [34myear[0m) 
    [34mvalues[0m
        (?, ?, ?, ?, ?, ?, ?, ?, ?, ?, ?, ?)
[35m[Hibernate][0m 
    [34mselect[0m
        r1_0.id,
        r1_0.archive_reason,
        r1_0.archived,
        r1_0.created_at,
        r1_0.created_by,
        r1_0.creator,
        r1_0.illustration_url,
        r1_0.modified_by,
        r1_0.status,
        r1_0.title,
        r1_0.type,
        r1_0.updated_at,
        r1_0.[34myear[0m 
    [34mfrom[0m
        resources r1_0 
    [34mwhere[0m
        lower(r1_0.title)=lower(?) 
        [34mand[0m lower(r1_0.creator)=lower(?) 
        [34mand[0m r1_0.archived=[34mfalse[0m
[35m[Hibernate][0m 
    [34minsert[0m 
    [34minto[0m
        resources
        (archive_reason, archived, created_at, created_by, creator, illustration_url, modified_by, status, title, type, updated_at, [34myear[0m) 
    [34mvalues[0m
        (?, ?, ?, ?, ?, ?, ?, ?, ?, ?, ?, ?)
[35m[Hibernate][0m 
    [34mselect[0m
        r1_0.id,
        r1_0.archive_reason,
        r1_0.archived,
        r1_0.created_at,
        r1_0.created_by,
        r1_0.creator,
        r1_0.illustration_url,
        r1_0.modified_by,
        r1_0.status,
        r1_0.title,
        r1_0.type,
        r1_0.updated_at,
        r1_0.[34myear[0m 
    [34mfrom[0m
        resources r1_0 
    [34mwhere[0m
        lower(r1_0.title)=lower(?) 
        [34mand[0m lower(r1_0.creator)=lower(?) 
        [34mand[0m r1_0.archived=[34mfalse[0m
[35m[Hibernate][0m 
    [34minsert[0m 
    [34minto[0m
        resources
        (archive_reason, archived, created_at, created_by, creator, illustration_url, modified_by, status, title, type, updated_at, [34myear[0m) 
    [34mvalues[0m
        (?, ?, ?, ?, ?, ?, ?, ?, ?, ?, ?, ?)
[35m[Hibernate][0m 
    [34mselect[0m
        r1_0.id,
        r1_0.archive_reason,
        r1_0.archived,
        r1_0.created_at,
        r1_0.created_by,
        r1_0.creator,
        r1_0.illustration_url,
        r1_0.modified_by,
        r1_0.status,
        r1_0.title,
        r1_0.type,
        r1_0.updated_at,
        r1_0.[34myear[0m 
    [34mfrom[0m
        resources r1_0 
    [34mwhere[0m
        lower(r1_0.title)=lower(?) 
        [34mand[0m lower(r1_0.creator)=lower(?) 
        [34mand[0m r1_0.archived=[34mfalse[0m
[35m[Hibernate][0m 
    [34minsert[0m 
    [34minto[0m
        resources
        (archive_reason, archived, created_at, created_by, creator, illustration_url, modified_by, status, title, type, updated_at, [34myear[0m) 
    [34mvalues[0m
        (?, ?, ?, ?, ?, ?, ?, ?, ?, ?, ?, ?)
[35m[Hibernate][0m 
    [34mselect[0m
        r1_0.id,
        r1_0.archive_reason,
        r1_0.archived,
        r1_0.created_at,
        r1_0.created_by,
        r1_0.creator,
        r1_0.illustration_url,
        r1_0.modified_by,
        r1_0.status,
        r1_0.title,
        r1_0.type,
        r1_0.updated_at,
        r1_0.[34myear[0m 
    [34mfrom[0m
        resources r1_0 
    [34mwhere[0m
        lower(r1_0.title)=lower(?) 
        [34mand[0m lower(r1_0.creator)=lower(?) 
        [34mand[0m r1_0.archived=[34mfalse[0m
[35m[Hibernate][0m 
    [34minsert[0m 
    [34minto[0m
        resources
        (archive_reason, archived, created_at, created_by, creator, illustration_url, modified_by, status, title, type, updated_at, [34myear[0m) 
    [34mvalues[0m
        (?, ?, ?, ?, ?, ?, ?, ?, ?, ?, ?, ?)
[35m[Hibernate][0m 
    [34mselect[0m
        r1_0.id,
        r1_0.archive_reason,
        r1_0.archived,
        r1_0.created_at,
        r1_0.created_by,
        r1_0.creator,
        r1_0.illustration_url,
        r1_0.modified_by,
        r1_0.status,
        r1_0.title,
        r1_0.type,
        r1_0.updated_at,
        r1_0.[34myear[0m 
    [34mfrom[0m
        resources r1_0 
    [34mwhere[0m
        lower(r1_0.title)=lower(?) 
        [34mand[0m lower(r1_0.creator)=lower(?) 
        [34mand[0m r1_0.archived=[34mfalse[0m
[35m[Hibernate][0m 
    [34minsert[0m 
    [34minto[0m
        resources
        (archive_reason, archived, created_at, created_by, creator, illustration_url, modified_by, status, title, type, updated_at, [34myear[0m) 
    [34mvalues[0m
        (?, ?, ?, ?, ?, ?, ?, ?, ?, ?, ?, ?)
[35m[Hibernate][0m 
    [34mselect[0m
        r1_0.id,
        r1_0.archive_reason,
        r1_0.archived,
        r1_0.created_at,
        r1_0.created_by,
        r1_0.creator,
        r1_0.illustration_url,
        r1_0.modified_by,
        r1_0.status,
        r1_0.title,
        r1_0.type,
        r1_0.updated_at,
        r1_0.[34myear[0m 
    [34mfrom[0m
        resources r1_0 
    [34mwhere[0m
        lower(r1_0.title)=lower(?) 
        [34mand[0m lower(r1_0.creator)=lower(?) 
        [34mand[0m r1_0.archived=[34mfalse[0m
[35m[Hibernate][0m 
    [34minsert[0m 
    [34minto[0m
        resources
        (archive_reason, archived, created_at, created_by, creator, illustration_url, modified_by, status, title, type, updated_at, [34myear[0m) 
    [34mvalues[0m
        (?, ?, ?, ?, ?, ?, ?, ?, ?, ?, ?, ?)
[35m[Hibernate][0m 
    [34mselect[0m
        r1_0.id,
        r1_0.archive_reason,
        r1_0.archived,
        r1_0.created_at,
        r1_0.created_by,
        r1_0.creator,
        r1_0.illustration_url,
        r1_0.modified_by,
        r1_0.status,
        r1_0.title,
        r1_0.type,
        r1_0.updated_at,
        r1_0.[34myear[0m 
    [34mfrom[0m
        resources r1_0 
    [34mwhere[0m
        lower(r1_0.title)=lower(?) 
        [34mand[0m lower(r1_0.creator)=lower(?) 
        [34mand[0m r1_0.archived=[34mfalse[0m
[35m[Hibernate][0m 
    [34minsert[0m 
    [34minto[0m
        resources
        (archive_reason, archived, created_at, created_by, creator, illustration_url, modified_by, status, title, type, updated_at, [34myear[0m) 
    [34mvalues[0m
        (?, ?, ?, ?, ?, ?, ?, ?, ?, ?, ?, ?)
[35m[Hibernate][0m 
    [34mselect[0m
        r1_0.id,
        r1_0.archive_reason,
        r1_0.archived,
        r1_0.created_at,
        r1_0.created_by,
        r1_0.creator,
        r1_0.illustration_url,
        r1_0.modified_by,
        r1_0.status,
        r1_0.title,
        r1_0.type,
        r1_0.updated_at,
        r1_0.[34myear[0m 
    [34mfrom[0m
        resources r1_0 
    [34mwhere[0m
        lower(r1_0.title)=lower(?) 
        [34mand[0m lower(r1_0.creator)=lower(?) 
        [34mand[0m r1_0.archived=[34mfalse[0m
[35m[Hibernate][0m 
    [34minsert[0m 
    [34minto[0m
        resources
        (archive_reason, archived, created_at, created_by, creator, illustration_url, modified_by, status, title, type, updated_at, [34myear[0m) 
    [34mvalues[0m
        (?, ?, ?, ?, ?, ?, ?, ?, ?, ?, ?, ?)
[35m[Hibernate][0m 
    [34mselect[0m
        r1_0.id,
        r1_0.archive_reason,
        r1_0.archived,
        r1_0.created_at,
        r1_0.created_by,
        r1_0.creator,
        r1_0.illustration_url,
        r1_0.modified_by,
        r1_0.status,
        r1_0.title,
        r1_0.type,
        r1_0.updated_at,
        r1_0.[34myear[0m 
    [34mfrom[0m
        resources r1_0 
    [34mwhere[0m
        lower(r1_0.title)=lower(?) 
        [34mand[0m lower(r1_0.creator)=lower(?) 
        [34mand[0m r1_0.archived=[34mfalse[0m
[35m[Hibernate][0m 
    [34minsert[0m 
    [34minto[0m
        resources
        (archive_reason, archived, created_at, created_by, creator, illustration_url, modified_by, status, title, type, updated_at, [34myear[0m) 
    [34mvalues[0m
        (?, ?, ?, ?, ?, ?, ?, ?, ?, ?, ?, ?)
[35m[Hibernate][0m 
    [34mselect[0m
        r1_0.id,
        r1_0.archive_reason,
        r1_0.archived,
        r1_0.created_at,
        r1_0.created_by,
        r1_0.creator,
        r1_0.illustration_url,
        r1_0.modified_by,
        r1_0.status,
        r1_0.title,
        r1_0.type,
        r1_0.updated_at,
        r1_0.[34myear[0m 
    [34mfrom[0m
        resources r1_0 
    [34mwhere[0m
        lower(r1_0.title)=lower(?) 
        [34mand[0m lower(r1_0.creator)=lower(?) 
        [34mand[0m r1_0.archived=[34mfalse[0m
[35m[Hibernate][0m 
    [34minsert[0m 
    [34minto[0m
        resources
        (archive_reason, archived, created_at, created_by, creator, illustration_url, modified_by, status, title, type, updated_at, [34myear[0m) 
    [34mvalues[0m
        (?, ?, ?, ?, ?, ?, ?, ?, ?, ?, ?, ?)
[35m[Hibernate][0m 
    [34mselect[0m
        r1_0.id,
        r1_0.archive_reason,
        r1_0.archived,
        r1_0.created_at,
        r1_0.created_by,
        r1_0.creator,
        r1_0.illustration_url,
        r1_0.modified_by,
        r1_0.status,
        r1_0.title,
        r1_0.type,
        r1_0.updated_at,
        r1_0.[34myear[0m 
    [34mfrom[0m
        resources r1_0 
    [34mwhere[0m
        lower(r1_0.title)=lower(?) 
        [34mand[0m lower(r1_0.creator)=lower(?) 
        [34mand[0m r1_0.archived=[34mfalse[0m
[35m[Hibernate][0m 
    [34minsert[0m 
    [34minto[0m
        resources
        (archive_reason, archived, created_at, created_by, creator, illustration_url, modified_by, status, title, type, updated_at, [34myear[0m) 
    [34mvalues[0m
        (?, ?, ?, ?, ?, ?, ?, ?, ?, ?, ?, ?)
[35m[Hibernate][0m 
    [34mselect[0m
        r1_0.id,
        r1_0.archive_reason,
        r1_0.archived,
        r1_0.created_at,
        r1_0.created_by,
        r1_0.creator,
        r1_0.illustration_url,
        r1_0.modified_by,
        r1_0.status,
        r1_0.title,
        r1_0.type,
        r1_0.updated_at,
        r1_0.[34myear[0m 
    [34mfrom[0m
        resources r1_0 
    [34mwhere[0m
        lower(r1_0.title)=lower(?) 
        [34mand[0m lower(r1_0.creator)=lower(?) 
        [34mand[0m r1_0.archived=[34mfalse[0m
[35m[Hibernate][0m 
    [34minsert[0m 
    [34minto[0m
        resources
        (archive_reason, archived, created_at, created_by, creator, illustration_url, modified_by, status, title, type, updated_at, [34myear[0m) 
    [34mvalues[0m
        (?, ?, ?, ?, ?, ?, ?, ?, ?, ?, ?, ?)
[35m[Hibernate][0m 
    [34mselect[0m
        r1_0.id,
        r1_0.archive_reason,
        r1_0.archived,
        r1_0.created_at,
        r1_0.created_by,
        r1_0.creator,
        r1_0.illustration_url,
        r1_0.modified_by,
        r1_0.status,
        r1_0.title,
        r1_0.type,
        r1_0.updated_at,
        r1_0.[34myear[0m 
    [34mfrom[0m
        resources r1_0 
    [34mwhere[0m
        lower(r1_0.title)=lower(?) 
        [34mand[0m lower(r1_0.creator)=lower(?) 
        [34mand[0m r1_0.archived=[34mfalse[0m
[35m[Hibernate][0m 
    [34minsert[0m 
    [34minto[0m
        resources
        (archive_reason, archived, created_at, created_by, creator, illustration_url, modified_by, status, title, type, updated_at, [34myear[0m) 
    [34mvalues[0m
        (?, ?, ?, ?, ?, ?, ?, ?, ?, ?, ?, ?)
[35m[Hibernate][0m 
    [34mselect[0m
        r1_0.id,
        r1_0.archive_reason,
        r1_0.archived,
        r1_0.created_at,
        r1_0.created_by,
        r1_0.creator,
        r1_0.illustration_url,
        r1_0.modified_by,
        r1_0.status,
        r1_0.title,
        r1_0.type,
        r1_0.updated_at,
        r1_0.[34myear[0m 
    [34mfrom[0m
        resources r1_0 
    [34mwhere[0m
        lower(r1_0.title)=lower(?) 
        [34mand[0m lower(r1_0.creator)=lower(?) 
        [34mand[0m r1_0.archived=[34mfalse[0m
[35m[Hibernate][0m 
    [34minsert[0m 
    [34minto[0m
        resources
        (archive_reason, archived, created_at, created_by, creator, illustration_url, modified_by, status, title, type, updated_at, [34myear[0m) 
    [34mvalues[0m
        (?, ?, ?, ?, ?, ?, ?, ?, ?, ?, ?, ?)
[35m[Hibernate][0m 
    [34mselect[0m
        r1_0.id,
        r1_0.archive_reason,
        r1_0.archived,
        r1_0.created_at,
        r1_0.created_by,
        r1_0.creator,
        r1_0.illustration_url,
        r1_0.modified_by,
        r1_0.status,
        r1_0.title,
        r1_0.type,
        r1_0.updated_at,
        r1_0.[34myear[0m 
    [34mfrom[0m
        resources r1_0 
    [34mwhere[0m
        lower(r1_0.title)=lower(?) 
        [34mand[0m lower(r1_0.creator)=lower(?) 
        [34mand[0m r1_0.archived=[34mfalse[0m
[35m[Hibernate][0m 
    [34minsert[0m 
    [34minto[0m
        resources
        (archive_reason, archived, created_at, created_by, creator, illustration_url, modified_by, status, title, type, updated_at, [34myear[0m) 
    [34mvalues[0m
        (?, ?, ?, ?, ?, ?, ?, ?, ?, ?, ?, ?)
[35m[Hibernate][0m 
    [34mselect[0m
        r1_0.id,
        r1_0.archive_reason,
        r1_0.archived,
        r1_0.created_at,
        r1_0.created_by,
        r1_0.creator,
        r1_0.illustration_url,
        r1_0.modified_by,
        r1_0.status,
        r1_0.title,
        r1_0.type,
        r1_0.updated_at,
        r1_0.[34myear[0m 
    [34mfrom[0m
        resources r1_0 
    [34mwhere[0m
        lower(r1_0.title)=lower(?) 
        [34mand[0m lower(r1_0.creator)=lower(?) 
        [34mand[0m r1_0.archived=[34mfalse[0m
[35m[Hibernate][0m 
    [34minsert[0m 
    [34minto[0m
        resources
        (archive_reason, archived, created_at, created_by, creator, illustration_url, modified_by, status, title, type, updated_at, [34myear[0m) 
    [34mvalues[0m
        (?, ?, ?, ?, ?, ?, ?, ?, ?, ?, ?, ?)
[35m[Hibernate][0m 
    [34mselect[0m
        r1_0.id,
        r1_0.archive_reason,
        r1_0.archived,
        r1_0.created_at,
        r1_0.created_by,
        r1_0.creator,
        r1_0.illustration_url,
        r1_0.modified_by,
        r1_0.status,
        r1_0.title,
        r1_0.type,
        r1_0.updated_at,
        r1_0.[34myear[0m 
    [34mfrom[0m
        resources r1_0 
    [34mwhere[0m
        lower(r1_0.title)=lower(?) 
        [34mand[0m lower(r1_0.creator)=lower(?) 
        [34mand[0m r1_0.archived=[34mfalse[0m
[35m[Hibernate][0m 
    [34minsert[0m 
    [34minto[0m
        resources
        (archive_reason, archived, created_at, created_by, creator, illustration_url, modified_by, status, title, type, updated_at, [34myear[0m) 
    [34mvalues[0m
        (?, ?, ?, ?, ?, ?, ?, ?, ?, ?, ?, ?)
[35m[Hibernate][0m 
    [34mselect[0m
        r1_0.id,
        r1_0.archive_reason,
        r1_0.archived,
        r1_0.created_at,
        r1_0.created_by,
        r1_0.creator,
        r1_0.illustration_url,
        r1_0.modified_by,
        r1_0.status,
        r1_0.title,
        r1_0.type,
        r1_0.updated_at,
        r1_0.[34myear[0m 
    [34mfrom[0m
        resources r1_0 
    [34mwhere[0m
        lower(r1_0.title)=lower(?) 
        [34mand[0m lower(r1_0.creator)=lower(?) 
        [34mand[0m r1_0.archived=[34mfalse[0m
[35m[Hibernate][0m 
    [34minsert[0m 
    [34minto[0m
        resources
        (archive_reason, archived, created_at, created_by, creator, illustration_url, modified_by, status, title, type, updated_at, [34myear[0m) 
    [34mvalues[0m
        (?, ?, ?, ?, ?, ?, ?, ?, ?, ?, ?, ?)
[35m[Hibernate][0m 
    [34mselect[0m
        r1_0.id,
        r1_0.archive_reason,
        r1_0.archived,
        r1_0.created_at,
        r1_0.created_by,
        r1_0.creator,
        r1_0.illustration_url,
        r1_0.modified_by,
        r1_0.status,
        r1_0.title,
        r1_0.type,
        r1_0.updated_at,
        r1_0.[34myear[0m 
    [34mfrom[0m
        resources r1_0 
    [34mwhere[0m
        lower(r1_0.title)=lower(?) 
        [34mand[0m lower(r1_0.creator)=lower(?) 
        [34mand[0m r1_0.archived=[34mfalse[0m
[35m[Hibernate][0m 
    [34minsert[0m 
    [34minto[0m
        resources
        (archive_reason, archived, created_at, created_by, creator, illustration_url, modified_by, status, title, type, updated_at, [34myear[0m) 
    [34mvalues[0m
        (?, ?, ?, ?, ?, ?, ?, ?, ?, ?, ?, ?)
[38;5;145m2025-12-16 22:03:31,914[39m[38;5;188m [39m[38;5;107mINFO [39m[38;5;188m traceId=[39m[38;5;85m[39m[38;5;188m, spanId=[39m[38;5;85m[39m[38;5;188m [[39m[38;5;69mcom.akf.cat.int.goo.GoogleBooksSyncService[39m[38;5;188m] ([39m[38;5;71mQuarkus Main Thread[39m[38;5;188m) [39m[38;5;151m[39mSaved 20 new books for author [38;5;188mJules Verne[39m (0 duplicates skipped)[39m[38;5;203m[39m[38;5;227m
[39m[38;5;145m2025-12-16 22:03:31,915[39m[38;5;188m [39m[38;5;107mINFO [39m[38;5;188m traceId=[39m[38;5;85m[39m[38;5;188m, spanId=[39m[38;5;85m[39m[38;5;188m [[39m[38;5;69mcom.akf.cat.int.goo.GoogleBooksSyncService[39m[38;5;188m] ([39m[38;5;71mQuarkus Main Thread[39m[38;5;188m) [39m[38;5;151m[39mFetching books for author: [38;5;188mVictor Hugo[39m[39m[38;5;203m[39m[38;5;227m
[39m[38;5;145m2025-12-16 22:03:32,482[39m[38;5;188m [39m[38;5;107mINFO [39m[38;5;188m traceId=[39m[38;5;85m[39m[38;5;188m, spanId=[39m[38;5;85m[39m[38;5;188m [[39m[38;5;69mcom.akf.cat.int.goo.GoogleBooksSyncService[39m[38;5;188m] ([39m[38;5;71mQuarkus Main Thread[39m[38;5;188m) [39m[38;5;151m[39mFound 20 books for author: [38;5;188mVictor Hugo[39m[39m[38;5;203m[39m[38;5;227m
[39m[38;5;145m2025-12-16 22:03:32,483[39m[38;5;188m [39m[38;5;107mINFO [39m[38;5;188m traceId=[39m[38;5;85m[39m[38;5;188m, spanId=[39m[38;5;85m[39m[38;5;188m [[39m[38;5;69mcom.akf.cat.int.goo.GoogleBooksSyncService[39m[38;5;188m] ([39m[38;5;71mQuarkus Main Thread[39m[38;5;188m) [39m[38;5;151m[39mSuccessfully converted 20/20 books to resources[39m[38;5;203m[39m[38;5;227m
[39m[35m[Hibernate][0m 
    [34mselect[0m
        r1_0.id,
        r1_0.archive_reason,
        r1_0.archived,
        r1_0.created_at,
        r1_0.created_by,
        r1_0.creator,
        r1_0.illustration_url,
        r1_0.modified_by,
        r1_0.status,
        r1_0.title,
        r1_0.type,
        r1_0.updated_at,
        r1_0.[34myear[0m 
    [34mfrom[0m
        resources r1_0 
    [34mwhere[0m
        lower(r1_0.title)=lower(?) 
        [34mand[0m lower(r1_0.creator)=lower(?) 
        [34mand[0m r1_0.archived=[34mfalse[0m
[35m[Hibernate][0m 
    [34minsert[0m 
    [34minto[0m
        resources
        (archive_reason, archived, created_at, created_by, creator, illustration_url, modified_by, status, title, type, updated_at, [34myear[0m) 
    [34mvalues[0m
        (?, ?, ?, ?, ?, ?, ?, ?, ?, ?, ?, ?)
[35m[Hibernate][0m 
    [34mselect[0m
        r1_0.id,
        r1_0.archive_reason,
        r1_0.archived,
        r1_0.created_at,
        r1_0.created_by,
        r1_0.creator,
        r1_0.illustration_url,
        r1_0.modified_by,
        r1_0.status,
        r1_0.title,
        r1_0.type,
        r1_0.updated_at,
        r1_0.[34myear[0m 
    [34mfrom[0m
        resources r1_0 
    [34mwhere[0m
        lower(r1_0.title)=lower(?) 
        [34mand[0m lower(r1_0.creator)=lower(?) 
        [34mand[0m r1_0.archived=[34mfalse[0m
[35m[Hibernate][0m 
    [34minsert[0m 
    [34minto[0m
        resources
        (archive_reason, archived, created_at, created_by, creator, illustration_url, modified_by, status, title, type, updated_at, [34myear[0m) 
    [34mvalues[0m
        (?, ?, ?, ?, ?, ?, ?, ?, ?, ?, ?, ?)
[35m[Hibernate][0m 
    [34mselect[0m
        r1_0.id,
        r1_0.archive_reason,
        r1_0.archived,
        r1_0.created_at,
        r1_0.created_by,
        r1_0.creator,
        r1_0.illustration_url,
        r1_0.modified_by,
        r1_0.status,
        r1_0.title,
        r1_0.type,
        r1_0.updated_at,
        r1_0.[34myear[0m 
    [34mfrom[0m
        resources r1_0 
    [34mwhere[0m
        lower(r1_0.title)=lower(?) 
        [34mand[0m lower(r1_0.creator)=lower(?) 
        [34mand[0m r1_0.archived=[34mfalse[0m
[35m[Hibernate][0m 
    [34minsert[0m 
    [34minto[0m
        resources
        (archive_reason, archived, created_at, created_by, creator, illustration_url, modified_by, status, title, type, updated_at, [34myear[0m) 
    [34mvalues[0m
        (?, ?, ?, ?, ?, ?, ?, ?, ?, ?, ?, ?)
[35m[Hibernate][0m 
    [34mselect[0m
        r1_0.id,
        r1_0.archive_reason,
        r1_0.archived,
        r1_0.created_at,
        r1_0.created_by,
        r1_0.creator,
        r1_0.illustration_url,
        r1_0.modified_by,
        r1_0.status,
        r1_0.title,
        r1_0.type,
        r1_0.updated_at,
        r1_0.[34myear[0m 
    [34mfrom[0m
        resources r1_0 
    [34mwhere[0m
        lower(r1_0.title)=lower(?) 
        [34mand[0m lower(r1_0.creator)=lower(?) 
        [34mand[0m r1_0.archived=[34mfalse[0m
[35m[Hibernate][0m 
    [34minsert[0m 
    [34minto[0m
        resources
        (archive_reason, archived, created_at, created_by, creator, illustration_url, modified_by, status, title, type, updated_at, [34myear[0m) 
    [34mvalues[0m
        (?, ?, ?, ?, ?, ?, ?, ?, ?, ?, ?, ?)
[35m[Hibernate][0m 
    [34mselect[0m
        r1_0.id,
        r1_0.archive_reason,
        r1_0.archived,
        r1_0.created_at,
        r1_0.created_by,
        r1_0.creator,
        r1_0.illustration_url,
        r1_0.modified_by,
        r1_0.status,
        r1_0.title,
        r1_0.type,
        r1_0.updated_at,
        r1_0.[34myear[0m 
    [34mfrom[0m
        resources r1_0 
    [34mwhere[0m
        lower(r1_0.title)=lower(?) 
        [34mand[0m lower(r1_0.creator)=lower(?) 
        [34mand[0m r1_0.archived=[34mfalse[0m
[35m[Hibernate][0m 
    [34minsert[0m 
    [34minto[0m
        resources
        (archive_reason, archived, created_at, created_by, creator, illustration_url, modified_by, status, title, type, updated_at, [34myear[0m) 
    [34mvalues[0m
        (?, ?, ?, ?, ?, ?, ?, ?, ?, ?, ?, ?)
[35m[Hibernate][0m 
    [34mselect[0m
        r1_0.id,
        r1_0.archive_reason,
        r1_0.archived,
        r1_0.created_at,
        r1_0.created_by,
        r1_0.creator,
        r1_0.illustration_url,
        r1_0.modified_by,
        r1_0.status,
        r1_0.title,
        r1_0.type,
        r1_0.updated_at,
        r1_0.[34myear[0m 
    [34mfrom[0m
        resources r1_0 
    [34mwhere[0m
        lower(r1_0.title)=lower(?) 
        [34mand[0m lower(r1_0.creator)=lower(?) 
        [34mand[0m r1_0.archived=[34mfalse[0m
[35m[Hibernate][0m 
    [34minsert[0m 
    [34minto[0m
        resources
        (archive_reason, archived, created_at, created_by, creator, illustration_url, modified_by, status, title, type, updated_at, [34myear[0m) 
    [34mvalues[0m
        (?, ?, ?, ?, ?, ?, ?, ?, ?, ?, ?, ?)
[35m[Hibernate][0m 
    [34mselect[0m
        r1_0.id,
        r1_0.archive_reason,
        r1_0.archived,
        r1_0.created_at,
        r1_0.created_by,
        r1_0.creator,
        r1_0.illustration_url,
        r1_0.modified_by,
        r1_0.status,
        r1_0.title,
        r1_0.type,
        r1_0.updated_at,
        r1_0.[34myear[0m 
    [34mfrom[0m
        resources r1_0 
    [34mwhere[0m
        lower(r1_0.title)=lower(?) 
        [34mand[0m lower(r1_0.creator)=lower(?) 
        [34mand[0m r1_0.archived=[34mfalse[0m
[35m[Hibernate][0m 
    [34mselect[0m
        r1_0.id,
        r1_0.archive_reason,
        r1_0.archived,
        r1_0.created_at,
        r1_0.created_by,
        r1_0.creator,
        r1_0.illustration_url,
        r1_0.modified_by,
        r1_0.status,
        r1_0.title,
        r1_0.type,
        r1_0.updated_at,
        r1_0.[34myear[0m 
    [34mfrom[0m
        resources r1_0 
    [34mwhere[0m
        lower(r1_0.title)=lower(?) 
        [34mand[0m lower(r1_0.creator)=lower(?) 
        [34mand[0m r1_0.archived=[34mfalse[0m
[35m[Hibernate][0m 
    [34minsert[0m 
    [34minto[0m
        resources
        (archive_reason, archived, created_at, created_by, creator, illustration_url, modified_by, status, title, type, updated_at, [34myear[0m) 
    [34mvalues[0m
        (?, ?, ?, ?, ?, ?, ?, ?, ?, ?, ?, ?)
[35m[Hibernate][0m 
    [34mselect[0m
        r1_0.id,
        r1_0.archive_reason,
        r1_0.archived,
        r1_0.created_at,
        r1_0.created_by,
        r1_0.creator,
        r1_0.illustration_url,
        r1_0.modified_by,
        r1_0.status,
        r1_0.title,
        r1_0.type,
        r1_0.updated_at,
        r1_0.[34myear[0m 
    [34mfrom[0m
        resources r1_0 
    [34mwhere[0m
        lower(r1_0.title)=lower(?) 
        [34mand[0m lower(r1_0.creator)=lower(?) 
        [34mand[0m r1_0.archived=[34mfalse[0m
[35m[Hibernate][0m 
    [34minsert[0m 
    [34minto[0m
        resources
        (archive_reason, archived, created_at, created_by, creator, illustration_url, modified_by, status, title, type, updated_at, [34myear[0m) 
    [34mvalues[0m
        (?, ?, ?, ?, ?, ?, ?, ?, ?, ?, ?, ?)
[35m[Hibernate][0m 
    [34mselect[0m
        r1_0.id,
        r1_0.archive_reason,
        r1_0.archived,
        r1_0.created_at,
        r1_0.created_by,
        r1_0.creator,
        r1_0.illustration_url,
        r1_0.modified_by,
        r1_0.status,
        r1_0.title,
        r1_0.type,
        r1_0.updated_at,
        r1_0.[34myear[0m 
    [34mfrom[0m
        resources r1_0 
    [34mwhere[0m
        lower(r1_0.title)=lower(?) 
        [34mand[0m lower(r1_0.creator)=lower(?) 
        [34mand[0m r1_0.archived=[34mfalse[0m
[35m[Hibernate][0m 
    [34minsert[0m 
    [34minto[0m
        resources
        (archive_reason, archived, created_at, created_by, creator, illustration_url, modified_by, status, title, type, updated_at, [34myear[0m) 
    [34mvalues[0m
        (?, ?, ?, ?, ?, ?, ?, ?, ?, ?, ?, ?)
[35m[Hibernate][0m 
    [34mselect[0m
        r1_0.id,
        r1_0.archive_reason,
        r1_0.archived,
        r1_0.created_at,
        r1_0.created_by,
        r1_0.creator,
        r1_0.illustration_url,
        r1_0.modified_by,
        r1_0.status,
        r1_0.title,
        r1_0.type,
        r1_0.updated_at,
        r1_0.[34myear[0m 
    [34mfrom[0m
        resources r1_0 
    [34mwhere[0m
        lower(r1_0.title)=lower(?) 
        [34mand[0m lower(r1_0.creator)=lower(?) 
        [34mand[0m r1_0.archived=[34mfalse[0m
[35m[Hibernate][0m 
    [34minsert[0m 
    [34minto[0m
        resources
        (archive_reason, archived, created_at, created_by, creator, illustration_url, modified_by, status, title, type, updated_at, [34myear[0m) 
    [34mvalues[0m
        (?, ?, ?, ?, ?, ?, ?, ?, ?, ?, ?, ?)
[35m[Hibernate][0m 
    [34mselect[0m
        r1_0.id,
        r1_0.archive_reason,
        r1_0.archived,
        r1_0.created_at,
        r1_0.created_by,
        r1_0.creator,
        r1_0.illustration_url,
        r1_0.modified_by,
        r1_0.status,
        r1_0.title,
        r1_0.type,
        r1_0.updated_at,
        r1_0.[34myear[0m 
    [34mfrom[0m
        resources r1_0 
    [34mwhere[0m
        lower(r1_0.title)=lower(?) 
        [34mand[0m lower(r1_0.creator)=lower(?) 
        [34mand[0m r1_0.archived=[34mfalse[0m
[35m[Hibernate][0m 
    [34minsert[0m 
    [34minto[0m
        resources
        (archive_reason, archived, created_at, created_by, creator, illustration_url, modified_by, status, title, type, updated_at, [34myear[0m) 
    [34mvalues[0m
        (?, ?, ?, ?, ?, ?, ?, ?, ?, ?, ?, ?)
[35m[Hibernate][0m 
    [34mselect[0m
        r1_0.id,
        r1_0.archive_reason,
        r1_0.archived,
        r1_0.created_at,
        r1_0.created_by,
        r1_0.creator,
        r1_0.illustration_url,
        r1_0.modified_by,
        r1_0.status,
        r1_0.title,
        r1_0.type,
        r1_0.updated_at,
        r1_0.[34myear[0m 
    [34mfrom[0m
        resources r1_0 
    [34mwhere[0m
        lower(r1_0.title)=lower(?) 
        [34mand[0m lower(r1_0.creator)=lower(?) 
        [34mand[0m r1_0.archived=[34mfalse[0m
[35m[Hibernate][0m 
    [34minsert[0m 
    [34minto[0m
        resources
        (archive_reason, archived, created_at, created_by, creator, illustration_url, modified_by, status, title, type, updated_at, [34myear[0m) 
    [34mvalues[0m
        (?, ?, ?, ?, ?, ?, ?, ?, ?, ?, ?, ?)
[35m[Hibernate][0m 
    [34mselect[0m
        r1_0.id,
        r1_0.archive_reason,
        r1_0.archived,
        r1_0.created_at,
        r1_0.created_by,
        r1_0.creator,
        r1_0.illustration_url,
        r1_0.modified_by,
        r1_0.status,
        r1_0.title,
        r1_0.type,
        r1_0.updated_at,
        r1_0.[34myear[0m 
    [34mfrom[0m
        resources r1_0 
    [34mwhere[0m
        lower(r1_0.title)=lower(?) 
        [34mand[0m lower(r1_0.creator)=lower(?) 
        [34mand[0m r1_0.archived=[34mfalse[0m
[35m[Hibernate][0m 
    [34minsert[0m 
    [34minto[0m
        resources
        (archive_reason, archived, created_at, created_by, creator, illustration_url, modified_by, status, title, type, updated_at, [34myear[0m) 
    [34mvalues[0m
        (?, ?, ?, ?, ?, ?, ?, ?, ?, ?, ?, ?)
[35m[Hibernate][0m 
    [34mselect[0m
        r1_0.id,
        r1_0.archive_reason,
        r1_0.archived,
        r1_0.created_at,
        r1_0.created_by,
        r1_0.creator,
        r1_0.illustration_url,
        r1_0.modified_by,
        r1_0.status,
        r1_0.title,
        r1_0.type,
        r1_0.updated_at,
        r1_0.[34myear[0m 
    [34mfrom[0m
        resources r1_0 
    [34mwhere[0m
        lower(r1_0.title)=lower(?) 
        [34mand[0m lower(r1_0.creator)=lower(?) 
        [34mand[0m r1_0.archived=[34mfalse[0m
[35m[Hibernate][0m 
    [34minsert[0m 
    [34minto[0m
        resources
        (archive_reason, archived, created_at, created_by, creator, illustration_url, modified_by, status, title, type, updated_at, [34myear[0m) 
    [34mvalues[0m
        (?, ?, ?, ?, ?, ?, ?, ?, ?, ?, ?, ?)
[35m[Hibernate][0m 
    [34mselect[0m
        r1_0.id,
        r1_0.archive_reason,
        r1_0.archived,
        r1_0.created_at,
        r1_0.created_by,
        r1_0.creator,
        r1_0.illustration_url,
        r1_0.modified_by,
        r1_0.status,
        r1_0.title,
        r1_0.type,
        r1_0.updated_at,
        r1_0.[34myear[0m 
    [34mfrom[0m
        resources r1_0 
    [34mwhere[0m
        lower(r1_0.title)=lower(?) 
        [34mand[0m lower(r1_0.creator)=lower(?) 
        [34mand[0m r1_0.archived=[34mfalse[0m
[35m[Hibernate][0m 
    [34minsert[0m 
    [34minto[0m
        resources
        (archive_reason, archived, created_at, created_by, creator, illustration_url, modified_by, status, title, type, updated_at, [34myear[0m) 
    [34mvalues[0m
        (?, ?, ?, ?, ?, ?, ?, ?, ?, ?, ?, ?)
[35m[Hibernate][0m 
    [34mselect[0m
        r1_0.id,
        r1_0.archive_reason,
        r1_0.archived,
        r1_0.created_at,
        r1_0.created_by,
        r1_0.creator,
        r1_0.illustration_url,
        r1_0.modified_by,
        r1_0.status,
        r1_0.title,
        r1_0.type,
        r1_0.updated_at,
        r1_0.[34myear[0m 
    [34mfrom[0m
        resources r1_0 
    [34mwhere[0m
        lower(r1_0.title)=lower(?) 
        [34mand[0m lower(r1_0.creator)=lower(?) 
        [34mand[0m r1_0.archived=[34mfalse[0m
[35m[Hibernate][0m 
    [34minsert[0m 
    [34minto[0m
        resources
        (archive_reason, archived, created_at, created_by, creator, illustration_url, modified_by, status, title, type, updated_at, [34myear[0m) 
    [34mvalues[0m
        (?, ?, ?, ?, ?, ?, ?, ?, ?, ?, ?, ?)
[35m[Hibernate][0m 
    [34mselect[0m
        r1_0.id,
        r1_0.archive_reason,
        r1_0.archived,
        r1_0.created_at,
        r1_0.created_by,
        r1_0.creator,
        r1_0.illustration_url,
        r1_0.modified_by,
        r1_0.status,
        r1_0.title,
        r1_0.type,
        r1_0.updated_at,
        r1_0.[34myear[0m 
    [34mfrom[0m
        resources r1_0 
    [34mwhere[0m
        lower(r1_0.title)=lower(?) 
        [34mand[0m lower(r1_0.creator)=lower(?) 
        [34mand[0m r1_0.archived=[34mfalse[0m
[35m[Hibernate][0m 
    [34minsert[0m 
    [34minto[0m
        resources
        (archive_reason, archived, created_at, created_by, creator, illustration_url, modified_by, status, title, type, updated_at, [34myear[0m) 
    [34mvalues[0m
        (?, ?, ?, ?, ?, ?, ?, ?, ?, ?, ?, ?)
[35m[Hibernate][0m 
    [34mselect[0m
        r1_0.id,
        r1_0.archive_reason,
        r1_0.archived,
        r1_0.created_at,
        r1_0.created_by,
        r1_0.creator,
        r1_0.illustration_url,
        r1_0.modified_by,
        r1_0.status,
        r1_0.title,
        r1_0.type,
        r1_0.updated_at,
        r1_0.[34myear[0m 
    [34mfrom[0m
        resources r1_0 
    [34mwhere[0m
        lower(r1_0.title)=lower(?) 
        [34mand[0m lower(r1_0.creator)=lower(?) 
        [34mand[0m r1_0.archived=[34mfalse[0m
[35m[Hibernate][0m 
    [34minsert[0m 
    [34minto[0m
        resources
        (archive_reason, archived, created_at, created_by, creator, illustration_url, modified_by, status, title, type, updated_at, [34myear[0m) 
    [34mvalues[0m
        (?, ?, ?, ?, ?, ?, ?, ?, ?, ?, ?, ?)
[35m[Hibernate][0m 
    [34mselect[0m
        r1_0.id,
        r1_0.archive_reason,
        r1_0.archived,
        r1_0.created_at,
        r1_0.created_by,
        r1_0.creator,
        r1_0.illustration_url,
        r1_0.modified_by,
        r1_0.status,
        r1_0.title,
        r1_0.type,
        r1_0.updated_at,
        r1_0.[34myear[0m 
    [34mfrom[0m
        resources r1_0 
    [34mwhere[0m
        lower(r1_0.title)=lower(?) 
        [34mand[0m lower(r1_0.creator)=lower(?) 
        [34mand[0m r1_0.archived=[34mfalse[0m
[35m[Hibernate][0m 
    [34minsert[0m 
    [34minto[0m
        resources
        (archive_reason, archived, created_at, created_by, creator, illustration_url, modified_by, status, title, type, updated_at, [34myear[0m) 
    [34mvalues[0m
        (?, ?, ?, ?, ?, ?, ?, ?, ?, ?, ?, ?)
[38;5;145m2025-12-16 22:03:32,525[39m[38;5;188m [39m[38;5;107mINFO [39m[38;5;188m traceId=[39m[38;5;85m[39m[38;5;188m, spanId=[39m[38;5;85m[39m[38;5;188m [[39m[38;5;69mcom.akf.cat.int.goo.GoogleBooksSyncService[39m[38;5;188m] ([39m[38;5;71mQuarkus Main Thread[39m[38;5;188m) [39m[38;5;151m[39mSaved 19 new books for author [38;5;188mVictor Hugo[39m (1 duplicates skipped)[39m[38;5;203m[39m[38;5;227m
[39m[38;5;145m2025-12-16 22:03:32,526[39m[38;5;188m [39m[38;5;107mINFO [39m[38;5;188m traceId=[39m[38;5;85m[39m[38;5;188m, spanId=[39m[38;5;85m[39m[38;5;188m [[39m[38;5;69mcom.akf.cat.int.goo.GoogleBooksSyncService[39m[38;5;188m] ([39m[38;5;71mQuarkus Main Thread[39m[38;5;188m) [39m[38;5;151m[39mFetching books for author: [38;5;188mAli Koudri[39m[39m[38;5;203m[39m[38;5;227m
[39m[38;5;145m2025-12-16 22:03:33,343[39m[38;5;188m [39m[38;5;107mINFO [39m[38;5;188m traceId=[39m[38;5;85m[39m[38;5;188m, spanId=[39m[38;5;85m[39m[38;5;188m [[39m[38;5;69mcom.akf.cat.int.goo.GoogleBooksSyncService[39m[38;5;188m] ([39m[38;5;71mQuarkus Main Thread[39m[38;5;188m) [39m[38;5;151m[39mFound 20 books for author: [38;5;188mAli Koudri[39m[39m[38;5;203m[39m[38;5;227m
[39m[38;5;145m2025-12-16 22:03:33,344[39m[38;5;188m [39m[38;5;107mINFO [39m[38;5;188m traceId=[39m[38;5;85m[39m[38;5;188m, spanId=[39m[38;5;85m[39m[38;5;188m [[39m[38;5;69mcom.akf.cat.int.goo.GoogleBooksSyncService[39m[38;5;188m] ([39m[38;5;71mQuarkus Main Thread[39m[38;5;188m) [39m[38;5;151m[39mSuccessfully converted 20/20 books to resources[39m[38;5;203m[39m[38;5;227m
[39m[35m[Hibernate][0m 
    [34mselect[0m
        r1_0.id,
        r1_0.archive_reason,
        r1_0.archived,
        r1_0.created_at,
        r1_0.created_by,
        r1_0.creator,
        r1_0.illustration_url,
        r1_0.modified_by,
        r1_0.status,
        r1_0.title,
        r1_0.type,
        r1_0.updated_at,
        r1_0.[34myear[0m 
    [34mfrom[0m
        resources r1_0 
    [34mwhere[0m
        lower(r1_0.title)=lower(?) 
        [34mand[0m lower(r1_0.creator)=lower(?) 
        [34mand[0m r1_0.archived=[34mfalse[0m
[35m[Hibernate][0m 
    [34minsert[0m 
    [34minto[0m
        resources
        (archive_reason, archived, created_at, created_by, creator, illustration_url, modified_by, status, title, type, updated_at, [34myear[0m) 
    [34mvalues[0m
        (?, ?, ?, ?, ?, ?, ?, ?, ?, ?, ?, ?)
[35m[Hibernate][0m 
    [34mselect[0m
        r1_0.id,
        r1_0.archive_reason,
        r1_0.archived,
        r1_0.created_at,
        r1_0.created_by,
        r1_0.creator,
        r1_0.illustration_url,
        r1_0.modified_by,
        r1_0.status,
        r1_0.title,
        r1_0.type,
        r1_0.updated_at,
        r1_0.[34myear[0m 
    [34mfrom[0m
        resources r1_0 
    [34mwhere[0m
        lower(r1_0.title)=lower(?) 
        [34mand[0m lower(r1_0.creator)=lower(?) 
        [34mand[0m r1_0.archived=[34mfalse[0m
[35m[Hibernate][0m 
    [34minsert[0m 
    [34minto[0m
        resources
        (archive_reason, archived, created_at, created_by, creator, illustration_url, modified_by, status, title, type, updated_at, [34myear[0m) 
    [34mvalues[0m
        (?, ?, ?, ?, ?, ?, ?, ?, ?, ?, ?, ?)
[35m[Hibernate][0m 
    [34mselect[0m
        r1_0.id,
        r1_0.archive_reason,
        r1_0.archived,
        r1_0.created_at,
        r1_0.created_by,
        r1_0.creator,
        r1_0.illustration_url,
        r1_0.modified_by,
        r1_0.status,
        r1_0.title,
        r1_0.type,
        r1_0.updated_at,
        r1_0.[34myear[0m 
    [34mfrom[0m
        resources r1_0 
    [34mwhere[0m
        lower(r1_0.title)=lower(?) 
        [34mand[0m lower(r1_0.creator)=lower(?) 
        [34mand[0m r1_0.archived=[34mfalse[0m
[35m[Hibernate][0m 
    [34minsert[0m 
    [34minto[0m
        resources
        (archive_reason, archived, created_at, created_by, creator, illustration_url, modified_by, status, title, type, updated_at, [34myear[0m) 
    [34mvalues[0m
        (?, ?, ?, ?, ?, ?, ?, ?, ?, ?, ?, ?)
[35m[Hibernate][0m 
    [34mselect[0m
        r1_0.id,
        r1_0.archive_reason,
        r1_0.archived,
        r1_0.created_at,
        r1_0.created_by,
        r1_0.creator,
        r1_0.illustration_url,
        r1_0.modified_by,
        r1_0.status,
        r1_0.title,
        r1_0.type,
        r1_0.updated_at,
        r1_0.[34myear[0m 
    [34mfrom[0m
        resources r1_0 
    [34mwhere[0m
        lower(r1_0.title)=lower(?) 
        [34mand[0m lower(r1_0.creator)=lower(?) 
        [34mand[0m r1_0.archived=[34mfalse[0m
[35m[Hibernate][0m 
    [34minsert[0m 
    [34minto[0m
        resources
        (archive_reason, archived, created_at, created_by, creator, illustration_url, modified_by, status, title, type, updated_at, [34myear[0m) 
    [34mvalues[0m
        (?, ?, ?, ?, ?, ?, ?, ?, ?, ?, ?, ?)
[35m[Hibernate][0m 
    [34mselect[0m
        r1_0.id,
        r1_0.archive_reason,
        r1_0.archived,
        r1_0.created_at,
        r1_0.created_by,
        r1_0.creator,
        r1_0.illustration_url,
        r1_0.modified_by,
        r1_0.status,
        r1_0.title,
        r1_0.type,
        r1_0.updated_at,
        r1_0.[34myear[0m 
    [34mfrom[0m
        resources r1_0 
    [34mwhere[0m
        lower(r1_0.title)=lower(?) 
        [34mand[0m lower(r1_0.creator)=lower(?) 
        [34mand[0m r1_0.archived=[34mfalse[0m
[35m[Hibernate][0m 
    [34minsert[0m 
    [34minto[0m
        resources
        (archive_reason, archived, created_at, created_by, creator, illustration_url, modified_by, status, title, type, updated_at, [34myear[0m) 
    [34mvalues[0m
        (?, ?, ?, ?, ?, ?, ?, ?, ?, ?, ?, ?)
[35m[Hibernate][0m 
    [34mselect[0m
        r1_0.id,
        r1_0.archive_reason,
        r1_0.archived,
        r1_0.created_at,
        r1_0.created_by,
        r1_0.creator,
        r1_0.illustration_url,
        r1_0.modified_by,
        r1_0.status,
        r1_0.title,
        r1_0.type,
        r1_0.updated_at,
        r1_0.[34myear[0m 
    [34mfrom[0m
        resources r1_0 
    [34mwhere[0m
        lower(r1_0.title)=lower(?) 
        [34mand[0m lower(r1_0.creator)=lower(?) 
        [34mand[0m r1_0.archived=[34mfalse[0m
[35m[Hibernate][0m 
    [34minsert[0m 
    [34minto[0m
        resources
        (archive_reason, archived, created_at, created_by, creator, illustration_url, modified_by, status, title, type, updated_at, [34myear[0m) 
    [34mvalues[0m
        (?, ?, ?, ?, ?, ?, ?, ?, ?, ?, ?, ?)
[35m[Hibernate][0m 
    [34mselect[0m
        r1_0.id,
        r1_0.archive_reason,
        r1_0.archived,
        r1_0.created_at,
        r1_0.created_by,
        r1_0.creator,
        r1_0.illustration_url,
        r1_0.modified_by,
        r1_0.status,
        r1_0.title,
        r1_0.type,
        r1_0.updated_at,
        r1_0.[34myear[0m 
    [34mfrom[0m
        resources r1_0 
    [34mwhere[0m
        lower(r1_0.title)=lower(?) 
        [34mand[0m lower(r1_0.creator)=lower(?) 
        [34mand[0m r1_0.archived=[34mfalse[0m
[35m[Hibernate][0m 
    [34minsert[0m 
    [34minto[0m
        resources
        (archive_reason, archived, created_at, created_by, creator, illustration_url, modified_by, status, title, type, updated_at, [34myear[0m) 
    [34mvalues[0m
        (?, ?, ?, ?, ?, ?, ?, ?, ?, ?, ?, ?)
[35m[Hibernate][0m 
    [34mselect[0m
        r1_0.id,
        r1_0.archive_reason,
        r1_0.archived,
        r1_0.created_at,
        r1_0.created_by,
        r1_0.creator,
        r1_0.illustration_url,
        r1_0.modified_by,
        r1_0.status,
        r1_0.title,
        r1_0.type,
        r1_0.updated_at,
        r1_0.[34myear[0m 
    [34mfrom[0m
        resources r1_0 
    [34mwhere[0m
        lower(r1_0.title)=lower(?) 
        [34mand[0m lower(r1_0.creator)=lower(?) 
        [34mand[0m r1_0.archived=[34mfalse[0m
[35m[Hibernate][0m 
    [34minsert[0m 
    [34minto[0m
        resources
        (archive_reason, archived, created_at, created_by, creator, illustration_url, modified_by, status, title, type, updated_at, [34myear[0m) 
    [34mvalues[0m
        (?, ?, ?, ?, ?, ?, ?, ?, ?, ?, ?, ?)
[35m[Hibernate][0m 
    [34mselect[0m
        r1_0.id,
        r1_0.archive_reason,
        r1_0.archived,
        r1_0.created_at,
        r1_0.created_by,
        r1_0.creator,
        r1_0.illustration_url,
        r1_0.modified_by,
        r1_0.status,
        r1_0.title,
        r1_0.type,
        r1_0.updated_at,
        r1_0.[34myear[0m 
    [34mfrom[0m
        resources r1_0 
    [34mwhere[0m
        lower(r1_0.title)=lower(?) 
        [34mand[0m lower(r1_0.creator)=lower(?) 
        [34mand[0m r1_0.archived=[34mfalse[0m
[35m[Hibernate][0m 
    [34minsert[0m 
    [34minto[0m
        resources
        (archive_reason, archived, created_at, created_by, creator, illustration_url, modified_by, status, title, type, updated_at, [34myear[0m) 
    [34mvalues[0m
        (?, ?, ?, ?, ?, ?, ?, ?, ?, ?, ?, ?)
[35m[Hibernate][0m 
    [34mselect[0m
        r1_0.id,
        r1_0.archive_reason,
        r1_0.archived,
        r1_0.created_at,
        r1_0.created_by,
        r1_0.creator,
        r1_0.illustration_url,
        r1_0.modified_by,
        r1_0.status,
        r1_0.title,
        r1_0.type,
        r1_0.updated_at,
        r1_0.[34myear[0m 
    [34mfrom[0m
        resources r1_0 
    [34mwhere[0m
        lower(r1_0.title)=lower(?) 
        [34mand[0m lower(r1_0.creator)=lower(?) 
        [34mand[0m r1_0.archived=[34mfalse[0m
[35m[Hibernate][0m 
    [34minsert[0m 
    [34minto[0m
        resources
        (archive_reason, archived, created_at, created_by, creator, illustration_url, modified_by, status, title, type, updated_at, [34myear[0m) 
    [34mvalues[0m
        (?, ?, ?, ?, ?, ?, ?, ?, ?, ?, ?, ?)
[35m[Hibernate][0m 
    [34mselect[0m
        r1_0.id,
        r1_0.archive_reason,
        r1_0.archived,
        r1_0.created_at,
        r1_0.created_by,
        r1_0.creator,
        r1_0.illustration_url,
        r1_0.modified_by,
        r1_0.status,
        r1_0.title,
        r1_0.type,
        r1_0.updated_at,
        r1_0.[34myear[0m 
    [34mfrom[0m
        resources r1_0 
    [34mwhere[0m
        lower(r1_0.title)=lower(?) 
        [34mand[0m lower(r1_0.creator)=lower(?) 
        [34mand[0m r1_0.archived=[34mfalse[0m
[35m[Hibernate][0m 
    [34minsert[0m 
    [34minto[0m
        resources
        (archive_reason, archived, created_at, created_by, creator, illustration_url, modified_by, status, title, type, updated_at, [34myear[0m) 
    [34mvalues[0m
        (?, ?, ?, ?, ?, ?, ?, ?, ?, ?, ?, ?)
[35m[Hibernate][0m 
    [34mselect[0m
        r1_0.id,
        r1_0.archive_reason,
        r1_0.archived,
        r1_0.created_at,
        r1_0.created_by,
        r1_0.creator,
        r1_0.illustration_url,
        r1_0.modified_by,
        r1_0.status,
        r1_0.title,
        r1_0.type,
        r1_0.updated_at,
        r1_0.[34myear[0m 
    [34mfrom[0m
        resources r1_0 
    [34mwhere[0m
        lower(r1_0.title)=lower(?) 
        [34mand[0m lower(r1_0.creator)=lower(?) 
        [34mand[0m r1_0.archived=[34mfalse[0m
[35m[Hibernate][0m 
    [34minsert[0m 
    [34minto[0m
        resources
        (archive_reason, archived, created_at, created_by, creator, illustration_url, modified_by, status, title, type, updated_at, [34myear[0m) 
    [34mvalues[0m
        (?, ?, ?, ?, ?, ?, ?, ?, ?, ?, ?, ?)
[35m[Hibernate][0m 
    [34mselect[0m
        r1_0.id,
        r1_0.archive_reason,
        r1_0.archived,
        r1_0.created_at,
        r1_0.created_by,
        r1_0.creator,
        r1_0.illustration_url,
        r1_0.modified_by,
        r1_0.status,
        r1_0.title,
        r1_0.type,
        r1_0.updated_at,
        r1_0.[34myear[0m 
    [34mfrom[0m
        resources r1_0 
    [34mwhere[0m
        lower(r1_0.title)=lower(?) 
        [34mand[0m lower(r1_0.creator)=lower(?) 
        [34mand[0m r1_0.archived=[34mfalse[0m
[35m[Hibernate][0m 
    [34minsert[0m 
    [34minto[0m
        resources
        (archive_reason, archived, created_at, created_by, creator, illustration_url, modified_by, status, title, type, updated_at, [34myear[0m) 
    [34mvalues[0m
        (?, ?, ?, ?, ?, ?, ?, ?, ?, ?, ?, ?)
[35m[Hibernate][0m 
    [34mselect[0m
        r1_0.id,
        r1_0.archive_reason,
        r1_0.archived,
        r1_0.created_at,
        r1_0.created_by,
        r1_0.creator,
        r1_0.illustration_url,
        r1_0.modified_by,
        r1_0.status,
        r1_0.title,
        r1_0.type,
        r1_0.updated_at,
        r1_0.[34myear[0m 
    [34mfrom[0m
        resources r1_0 
    [34mwhere[0m
        lower(r1_0.title)=lower(?) 
        [34mand[0m lower(r1_0.creator)=lower(?) 
        [34mand[0m r1_0.archived=[34mfalse[0m
[35m[Hibernate][0m 
    [34mselect[0m
        r1_0.id,
        r1_0.archive_reason,
        r1_0.archived,
        r1_0.created_at,
        r1_0.created_by,
        r1_0.creator,
        r1_0.illustration_url,
        r1_0.modified_by,
        r1_0.status,
        r1_0.title,
        r1_0.type,
        r1_0.updated_at,
        r1_0.[34myear[0m 
    [34mfrom[0m
        resources r1_0 
    [34mwhere[0m
        lower(r1_0.title)=lower(?) 
        [34mand[0m lower(r1_0.creator)=lower(?) 
        [34mand[0m r1_0.archived=[34mfalse[0m
[35m[Hibernate][0m 
    [34minsert[0m 
    [34minto[0m
        resources
        (archive_reason, archived, created_at, created_by, creator, illustration_url, modified_by, status, title, type, updated_at, [34myear[0m) 
    [34mvalues[0m
        (?, ?, ?, ?, ?, ?, ?, ?, ?, ?, ?, ?)
[35m[Hibernate][0m 
    [34mselect[0m
        r1_0.id,
        r1_0.archive_reason,
        r1_0.archived,
        r1_0.created_at,
        r1_0.created_by,
        r1_0.creator,
        r1_0.illustration_url,
        r1_0.modified_by,
        r1_0.status,
        r1_0.title,
        r1_0.type,
        r1_0.updated_at,
        r1_0.[34myear[0m 
    [34mfrom[0m
        resources r1_0 
    [34mwhere[0m
        lower(r1_0.title)=lower(?) 
        [34mand[0m lower(r1_0.creator)=lower(?) 
        [34mand[0m r1_0.archived=[34mfalse[0m
[35m[Hibernate][0m 
    [34minsert[0m 
    [34minto[0m
        resources
        (archive_reason, archived, created_at, created_by, creator, illustration_url, modified_by, status, title, type, updated_at, [34myear[0m) 
    [34mvalues[0m
        (?, ?, ?, ?, ?, ?, ?, ?, ?, ?, ?, ?)
[35m[Hibernate][0m 
    [34mselect[0m
        r1_0.id,
        r1_0.archive_reason,
        r1_0.archived,
        r1_0.created_at,
        r1_0.created_by,
        r1_0.creator,
        r1_0.illustration_url,
        r1_0.modified_by,
        r1_0.status,
        r1_0.title,
        r1_0.type,
        r1_0.updated_at,
        r1_0.[34myear[0m 
    [34mfrom[0m
        resources r1_0 
    [34mwhere[0m
        lower(r1_0.title)=lower(?) 
        [34mand[0m lower(r1_0.creator)=lower(?) 
        [34mand[0m r1_0.archived=[34mfalse[0m
[35m[Hibernate][0m 
    [34minsert[0m 
    [34minto[0m
        resources
        (archive_reason, archived, created_at, created_by, creator, illustration_url, modified_by, status, title, type, updated_at, [34myear[0m) 
    [34mvalues[0m
        (?, ?, ?, ?, ?, ?, ?, ?, ?, ?, ?, ?)
[35m[Hibernate][0m 
    [34mselect[0m
        r1_0.id,
        r1_0.archive_reason,
        r1_0.archived,
        r1_0.created_at,
        r1_0.created_by,
        r1_0.creator,
        r1_0.illustration_url,
        r1_0.modified_by,
        r1_0.status,
        r1_0.title,
        r1_0.type,
        r1_0.updated_at,
        r1_0.[34myear[0m 
    [34mfrom[0m
        resources r1_0 
    [34mwhere[0m
        lower(r1_0.title)=lower(?) 
        [34mand[0m lower(r1_0.creator)=lower(?) 
        [34mand[0m r1_0.archived=[34mfalse[0m
[35m[Hibernate][0m 
    [34minsert[0m 
    [34minto[0m
        resources
        (archive_reason, archived, created_at, created_by, creator, illustration_url, modified_by, status, title, type, updated_at, [34myear[0m) 
    [34mvalues[0m
        (?, ?, ?, ?, ?, ?, ?, ?, ?, ?, ?, ?)
[35m[Hibernate][0m 
    [34mselect[0m
        r1_0.id,
        r1_0.archive_reason,
        r1_0.archived,
        r1_0.created_at,
        r1_0.created_by,
        r1_0.creator,
        r1_0.illustration_url,
        r1_0.modified_by,
        r1_0.status,
        r1_0.title,
        r1_0.type,
        r1_0.updated_at,
        r1_0.[34myear[0m 
    [34mfrom[0m
        resources r1_0 
    [34mwhere[0m
        lower(r1_0.title)=lower(?) 
        [34mand[0m lower(r1_0.creator)=lower(?) 
        [34mand[0m r1_0.archived=[34mfalse[0m
[35m[Hibernate][0m 
    [34minsert[0m 
    [34minto[0m
        resources
        (archive_reason, archived, created_at, created_by, creator, illustration_url, modified_by, status, title, type, updated_at, [34myear[0m) 
    [34mvalues[0m
        (?, ?, ?, ?, ?, ?, ?, ?, ?, ?, ?, ?)
[35m[Hibernate][0m 
    [34mselect[0m
        r1_0.id,
        r1_0.archive_reason,
        r1_0.archived,
        r1_0.created_at,
        r1_0.created_by,
        r1_0.creator,
        r1_0.illustration_url,
        r1_0.modified_by,
        r1_0.status,
        r1_0.title,
        r1_0.type,
        r1_0.updated_at,
        r1_0.[34myear[0m 
    [34mfrom[0m
        resources r1_0 
    [34mwhere[0m
        lower(r1_0.title)=lower(?) 
        [34mand[0m lower(r1_0.creator)=lower(?) 
        [34mand[0m r1_0.archived=[34mfalse[0m
[35m[Hibernate][0m 
    [34minsert[0m 
    [34minto[0m
        resources
        (archive_reason, archived, created_at, created_by, creator, illustration_url, modified_by, status, title, type, updated_at, [34myear[0m) 
    [34mvalues[0m
        (?, ?, ?, ?, ?, ?, ?, ?, ?, ?, ?, ?)
[38;5;145m2025-12-16 22:03:33,456[39m[38;5;188m [39m[38;5;107mINFO [39m[38;5;188m traceId=[39m[38;5;85m[39m[38;5;188m, spanId=[39m[38;5;85m[39m[38;5;188m [[39m[38;5;69mcom.akf.cat.int.goo.GoogleBooksSyncService[39m[38;5;188m] ([39m[38;5;71mQuarkus Main Thread[39m[38;5;188m) [39m[38;5;151m[39mSaved 19 new books for author [38;5;188mAli Koudri[39m (1 duplicates skipped)[39m[38;5;203m[39m[38;5;227m
[39m[38;5;145m2025-12-16 22:03:33,456[39m[38;5;188m [39m[38;5;107mINFO [39m[38;5;188m traceId=[39m[38;5;85m[39m[38;5;188m, spanId=[39m[38;5;85m[39m[38;5;188m [[39m[38;5;69mcom.akf.cat.int.goo.GoogleBooksSyncService[39m[38;5;188m] ([39m[38;5;71mQuarkus Main Thread[39m[38;5;188m) [39m[38;5;151m[39mSync summary: 60 books fetched, 58 saved, 2 duplicates skipped[39m[38;5;203m[39m[38;5;227m
[39m[35m[Hibernate][0m 
    [34minsert[0m 
    [34minto[0m
        resource_keywords
        (resource_id, keyword) 
    [34mvalues[0m
        (?, ?)
[35m[Hibernate][0m 
    [34minsert[0m 
    [34minto[0m
        resource_keywords
        (resource_id, keyword) 
    [34mvalues[0m
        (?, ?)
[35m[Hibernate][0m 
    [34minsert[0m 
    [34minto[0m
        resource_keywords
        (resource_id, keyword) 
    [34mvalues[0m
        (?, ?)
[35m[Hibernate][0m 
    [34minsert[0m 
    [34minto[0m
        resource_keywords
        (resource_id, keyword) 
    [34mvalues[0m
        (?, ?)
[35m[Hibernate][0m 
    [34minsert[0m 
    [34minto[0m
        resource_keywords
        (resource_id, keyword) 
    [34mvalues[0m
        (?, ?)
[35m[Hibernate][0m 
    [34minsert[0m 
    [34minto[0m
        resource_keywords
        (resource_id, keyword) 
    [34mvalues[0m
        (?, ?)
[35m[Hibernate][0m 
    [34minsert[0m 
    [34minto[0m
        resource_keywords
        (resource_id, keyword) 
    [34mvalues[0m
        (?, ?)
[35m[Hibernate][0m 
    [34minsert[0m 
    [34minto[0m
        resource_keywords
        (resource_id, keyword) 
    [34mvalues[0m
        (?, ?)
[35m[Hibernate][0m 
    [34minsert[0m 
    [34minto[0m
        resource_keywords
        (resource_id, keyword) 
    [34mvalues[0m
        (?, ?)
[35m[Hibernate][0m 
    [34minsert[0m 
    [34minto[0m
        resource_keywords
        (resource_id, keyword) 
    [34mvalues[0m
        (?, ?)
[35m[Hibernate][0m 
    [34minsert[0m 
    [34minto[0m
        resource_keywords
        (resource_id, keyword) 
    [34mvalues[0m
        (?, ?)
[35m[Hibernate][0m 
    [34minsert[0m 
    [34minto[0m
        resource_keywords
        (resource_id, keyword) 
    [34mvalues[0m
        (?, ?)
[35m[Hibernate][0m 
    [34minsert[0m 
    [34minto[0m
        resource_keywords
        (resource_id, keyword) 
    [34mvalues[0m
        (?, ?)
[35m[Hibernate][0m 
    [34minsert[0m 
    [34minto[0m
        resource_keywords
        (resource_id, keyword) 
    [34mvalues[0m
        (?, ?)
[35m[Hibernate][0m 
    [34minsert[0m 
    [34minto[0m
        resource_keywords
        (resource_id, keyword) 
    [34mvalues[0m
        (?, ?)
[35m[Hibernate][0m 
    [34minsert[0m 
    [34minto[0m
        resource_keywords
        (resource_id, keyword) 
    [34mvalues[0m
        (?, ?)
[35m[Hibernate][0m 
    [34minsert[0m 
    [34minto[0m
        resource_keywords
        (resource_id, keyword) 
    [34mvalues[0m
        (?, ?)
[35m[Hibernate][0m 
    [34minsert[0m 
    [34minto[0m
        resource_keywords
        (resource_id, keyword) 
    [34mvalues[0m
        (?, ?)
[35m[Hibernate][0m 
    [34minsert[0m 
    [34minto[0m
        resource_keywords
        (resource_id, keyword) 
    [34mvalues[0m
        (?, ?)
[35m[Hibernate][0m 
    [34minsert[0m 
    [34minto[0m
        resource_keywords
        (resource_id, keyword) 
    [34mvalues[0m
        (?, ?)
[35m[Hibernate][0m 
    [34minsert[0m 
    [34minto[0m
        resource_keywords
        (resource_id, keyword) 
    [34mvalues[0m
        (?, ?)
[35m[Hibernate][0m 
    [34minsert[0m 
    [34minto[0m
        resource_keywords
        (resource_id, keyword) 
    [34mvalues[0m
        (?, ?)
[35m[Hibernate][0m 
    [34minsert[0m 
    [34minto[0m
        resource_keywords
        (resource_id, keyword) 
    [34mvalues[0m
        (?, ?)
[35m[Hibernate][0m 
    [34minsert[0m 
    [34minto[0m
        resource_keywords
        (resource_id, keyword) 
    [34mvalues[0m
        (?, ?)
[35m[Hibernate][0m 
    [34minsert[0m 
    [34minto[0m
        resource_keywords
        (resource_id, keyword) 
    [34mvalues[0m
        (?, ?)
[35m[Hibernate][0m 
    [34minsert[0m 
    [34minto[0m
        resource_keywords
        (resource_id, keyword) 
    [34mvalues[0m
        (?, ?)
[35m[Hibernate][0m 
    [34minsert[0m 
    [34minto[0m
        resource_keywords
        (resource_id, keyword) 
    [34mvalues[0m
        (?, ?)
[35m[Hibernate][0m 
    [34minsert[0m 
    [34minto[0m
        resource_keywords
        (resource_id, keyword) 
    [34mvalues[0m
        (?, ?)
[35m[Hibernate][0m 
    [34minsert[0m 
    [34minto[0m
        resource_keywords
        (resource_id, keyword) 
    [34mvalues[0m
        (?, ?)
[35m[Hibernate][0m 
    [34minsert[0m 
    [34minto[0m
        resource_keywords
        (resource_id, keyword) 
    [34mvalues[0m
        (?, ?)
[35m[Hibernate][0m 
    [34minsert[0m 
    [34minto[0m
        resource_keywords
        (resource_id, keyword) 
    [34mvalues[0m
        (?, ?)
[38;5;145m2025-12-16 22:03:33,483[39m[38;5;188m [39m[38;5;107mINFO [39m[38;5;188m traceId=[39m[38;5;85m[39m[38;5;188m, spanId=[39m[38;5;85m[39m[38;5;188m [[39m[38;5;69mcom.akf.cat.int.goo.GoogleBooksSyncService[39m[38;5;188m] ([39m[38;5;71mQuarkus Main Thread[39m[38;5;188m) [39m[38;5;151m================================================================================[39m[38;5;203m[39m[38;5;227m
[39m[38;5;145m2025-12-16 22:03:33,484[39m[38;5;188m [39m[38;5;107mINFO [39m[38;5;188m traceId=[39m[38;5;85m[39m[38;5;188m, spanId=[39m[38;5;85m[39m[38;5;188m [[39m[38;5;69mcom.akf.cat.int.goo.GoogleBooksSyncService[39m[38;5;188m] ([39m[38;5;71mQuarkus Main Thread[39m[38;5;188m) [39m[38;5;151mGoogle Books synchronization completed[39m[38;5;203m[39m[38;5;227m
[39m[38;5;145m2025-12-16 22:03:33,484[39m[38;5;188m [39m[38;5;107mINFO [39m[38;5;188m traceId=[39m[38;5;85m[39m[38;5;188m, spanId=[39m[38;5;85m[39m[38;5;188m [[39m[38;5;69mcom.akf.cat.int.goo.GoogleBooksSyncService[39m[38;5;188m] ([39m[38;5;71mQuarkus Main Thread[39m[38;5;188m) [39m[38;5;151m================================================================================[39m[38;5;203m[39m[38;5;227m
[39m[38;5;145m2025-12-16 22:03:33,502[39m[38;5;188m [39m[38;5;107mINFO [39m[38;5;188m traceId=[39m[38;5;85m[39m[38;5;188m, spanId=[39m[38;5;85m[39m[38;5;188m [[39m[38;5;69mcom.akf.cat.inf.con.ConsulRegistrationService[39m[38;5;188m] ([39m[38;5;71mQuarkus Main Thread[39m[38;5;188m) [39m[38;5;151mConsul registration is disabled[39m[38;5;203m[39m[38;5;227m
[39m[38;5;145m2025-12-16 22:03:33,524[39m[38;5;188m [39m[38;5;107mINFO [39m[38;5;188m traceId=[39m[38;5;85m[39m[38;5;188m, spanId=[39m[38;5;85m[39m[38;5;188m [[39m[38;5;69mio.quarkus[39m[38;5;188m] ([39m[38;5;71mQuarkus Main Thread[39m[38;5;188m) [39m[38;5;151m[39m[38;5;188mcatalog-service 1.0.0-SNAPSHOT[39m [38;5;188mon JVM[39m (powered by Quarkus [38;5;188m3.28.4[39m) started in [38;5;188m7.019[39ms. [38;5;188mListening on: http://0.0.0.0:8081[39m[39m[38;5;203m[39m[38;5;227m
[39m[38;5;145m2025-12-16 22:03:33,524[39m[38;5;188m [39m[38;5;107mINFO [39m[38;5;188m traceId=[39m[38;5;85m[39m[38;5;188m, spanId=[39m[38;5;85m[39m[38;5;188m [[39m[38;5;69mio.quarkus[39m[38;5;188m] ([39m[38;5;71mQuarkus Main Thread[39m[38;5;188m) [39m[38;5;151m[39mProfile[38;5;188m[39m [38;5;188mdev[39m activated. [38;5;188mLive Coding activated.[39m[39m[38;5;203m[39m[38;5;227m
[39m[38;5;145m2025-12-16 22:03:33,525[39m[38;5;188m [39m[38;5;107mINFO [39m[38;5;188m traceId=[39m[38;5;85m[39m[38;5;188m, spanId=[39m[38;5;85m[39m[38;5;188m [[39m[38;5;69mio.quarkus[39m[38;5;188m] ([39m[38;5;71mQuarkus Main Thread[39m[38;5;188m) [39m[38;5;151m[39mInstalled features: [[38;5;188magroal, cache, cdi, compose, hibernate-orm, hibernate-orm-panache, hibernate-validator, jdbc-postgresql, kafka-client, messaging, messaging-kafka, micrometer, narayana-jta, oidc, opentelemetry, qute, redis-client, rest, rest-client, rest-client-jackson, rest-jackson, rest-qute, security, smallrye-context-propagation, smallrye-fault-tolerance, smallrye-health, smallrye-openapi, swagger-ui, vertx[39m][39m[38;5;203m[39m[38;5;227m
[39m[38;5;145m2025-12-16 22:04:40,761[39m[38;5;188m [39m[38;5;203mERROR[39m[38;5;188m traceId=[39m[38;5;85m9f5592fedb7e0f1b50b68c9ff14b126c[39m[38;5;188m, spanId=[39m[38;5;85m43ac12515cfbccea[39m[38;5;188m [[39m[38;5;69mcom.akf.cat.web.map.GlobalExceptionMapper[39m[38;5;188m] ([39m[38;5;71mexecutor-thread-1[39m[38;5;188m) [39m[38;5;151m[39mUnhandled exception [correlationId=[38;5;188m7369f9e9-ed77-4a7e-9339-019036258949[39m]: [38;5;188mRendering error in template [layout/base.html:129]: Key "isAdmin" not found in the template data map with keys [resourceTypes, resource, isEdit, errors] in expression {isAdmin}[39m[39m[38;5;203m: io.quarkus.qute.TemplateException: Rendering error in template [layout/base.html:129]: Key "isAdmin" not found in the template data map with keys [resourceTypes, resource, isEdit, errors] in expression {isAdmin}
	at io.quarkus.qute.TemplateException$Builder.build(TemplateException.java:173)
	at io.quarkus.qute.EvaluatorImpl.propertyNotFound(EvaluatorImpl.java:234)
	at io.quarkus.qute.EvaluatorImpl.resolve(EvaluatorImpl.java:204)
	at io.quarkus.qute.EvaluatorImpl.resolve(EvaluatorImpl.java:172)
	at io.quarkus.qute.EvaluatorImpl.resolveReference(EvaluatorImpl.java:131)
	at io.quarkus.qute.EvaluatorImpl.evaluate(EvaluatorImpl.java:85)
	at io.quarkus.qute.ResolutionContextImpl$ChildResolutionContext.evaluate(ResolutionContextImpl.java:100)
	at io.quarkus.qute.IfSectionHelper$OperandCondition.evaluate(IfSectionHelper.java:253)
	at io.quarkus.qute.IfSectionHelper$SingletonContext.resolve(IfSectionHelper.java:64)
	at io.quarkus.qute.IfSectionHelper.resolve(IfSectionHelper.java:45)
	at io.quarkus.qute.SectionNode.resolve(SectionNode.java:57)
	at io.quarkus.qute.SectionNode.resolve(SectionNode.java:68)
	at io.quarkus.qute.Results.doResolveWith(Results.java:136)
	at io.quarkus.qute.Results.resolveWith(Results.java:110)
	at io.quarkus.qute.Results.resolveAndProcess(Results.java:61)
	at io.quarkus.qute.SectionNode$SectionResolutionContextImpl.execute(SectionNode.java:254)
	at io.quarkus.qute.SectionHelper$SectionResolutionContext.execute(SectionHelper.java:66)
	at io.quarkus.qute.Parser$1.resolve(Parser.java:1331)
	at io.quarkus.qute.SectionNode.resolve(SectionNode.java:57)
	at io.quarkus.qute.IncludeSectionHelper.lambda$resolve$1(IncludeSectionHelper.java:72)
	at io.quarkus.qute.CompletedStage.whenComplete(CompletedStage.java:288)
	at io.quarkus.qute.IncludeSectionHelper.resolve(IncludeSectionHelper.java:54)
	at io.quarkus.qute.SectionNode.resolve(SectionNode.java:57)
	at io.quarkus.qute.SectionNode.resolve(SectionNode.java:68)
	at io.quarkus.qute.Results.doResolveWith(Results.java:136)
	at io.quarkus.qute.Results.resolveWith(Results.java:110)
	at io.quarkus.qute.Results.resolveAndProcess(Results.java:54)
	at io.quarkus.qute.SectionNode$SectionResolutionContextImpl.execute(SectionNode.java:254)
	at io.quarkus.qute.SectionHelper$SectionResolutionContext.execute(SectionHelper.java:66)
	at io.quarkus.qute.Parser$1.resolve(Parser.java:1331)
	at io.quarkus.qute.SectionNode.resolve(SectionNode.java:57)
	at io.quarkus.qute.SectionNode.resolve(SectionNode.java:68)
	at io.quarkus.qute.TemplateImpl$TemplateInstanceImpl.renderData(TemplateImpl.java:283)
	at io.quarkus.qute.TemplateImpl$TemplateInstanceImpl.renderAsyncNoTimeout(TemplateImpl.java:245)
	at io.smallrye.context.impl.wrappers.SlowContextualSupplier.get(SlowContextualSupplier.java:21)
	at io.smallrye.mutiny.operators.uni.builders.UniCreateFromCompletionStage.subscribe(UniCreateFromCompletionStage.java:24)
	at io.smallrye.mutiny.operators.AbstractUni.subscribe(AbstractUni.java:35)
	at io.smallrye.mutiny.operators.uni.UniFailOnTimeout.subscribe(UniFailOnTimeout.java:36)
	at io.smallrye.mutiny.operators.AbstractUni.subscribe(AbstractUni.java:35)
	at io.smallrye.mutiny.groups.UniSubscribe.withSubscriber(UniSubscribe.java:51)
	at io.smallrye.mutiny.groups.UniSubscribe.with(UniSubscribe.java:110)
	at io.smallrye.mutiny.groups.UniSubscribe.with(UniSubscribe.java:88)
	at org.jboss.resteasy.reactive.server.handlers.UniResponseHandler.handle(UniResponseHandler.java:21)
	at io.quarkus.resteasy.reactive.server.runtime.QuarkusResteasyReactiveRequestContext.invokeHandler(QuarkusResteasyReactiveRequestContext.java:192)
	at org.jboss.resteasy.reactive.common.core.AbstractResteasyReactiveContext.run(AbstractResteasyReactiveContext.java:147)
	at io.quarkus.vertx.core.runtime.VertxCoreRecorder$15.runWith(VertxCoreRecorder.java:645)
	at org.jboss.threads.EnhancedQueueExecutor$Task.doRunWith(EnhancedQueueExecutor.java:2651)
	at org.jboss.threads.EnhancedQueueExecutor$Task.run(EnhancedQueueExecutor.java:2630)
	at org.jboss.threads.EnhancedQueueExecutor.runThreadBody(EnhancedQueueExecutor.java:1622)
	at org.jboss.threads.EnhancedQueueExecutor$ThreadBody.run(EnhancedQueueExecutor.java:1589)
	at org.jboss.threads.DelegatingRunnable.run(DelegatingRunnable.java:11)
	at org.jboss.threads.ThreadLocalResettingRunnable.run(ThreadLocalResettingRunnable.java:11)
	at io.netty.util.concurrent.FastThreadLocalRunnable.run(FastThreadLocalRunnable.java:30)
	at java.base/java.lang.Thread.run(Thread.java:1583)
[39m[38;5;227m
[39m[38;5;145m2025-12-16 22:06:19,946[39m[38;5;188m [39m[38;5;107mINFO [39m[38;5;188m traceId=[39m[38;5;85m6e8b1cbed25188d4add424057f5097ef[39m[38;5;188m, spanId=[39m[38;5;85m9ca16ef795715e6f[39m[38;5;188m [[39m[38;5;69mio.qua.dep.dev.RuntimeUpdatesProcessor[39m[38;5;188m] ([39m[38;5;71mvert.x-worker-thread-1[39m[38;5;188m) [39m[38;5;151m[39mRestarting quarkus due to changes in [38;5;188mCatalogWebController.class, CatalogWebController$Templates.class[39m.[39m[38;5;203m[39m[38;5;227m
[39m[38;5;145m2025-12-16 22:06:19,963[39m[38;5;188m [39m[38;5;107mINFO [39m[38;5;188m traceId=[39m[38;5;85m[39m[38;5;188m, spanId=[39m[38;5;85m[39m[38;5;188m [[39m[38;5;69mio.quarkus[39m[38;5;188m] ([39m[38;5;71mQuarkus Main Thread[39m[38;5;188m) [39m[38;5;151m[39m[38;5;188mcatalog-service[39m[38;5;188m[39m stopped in [38;5;188m0.015[39ms[39m[38;5;203m[39m[38;5;227m
[39m[38;5;145m2025-12-16 22:06:20,256[39m[38;5;188m [39m[38;5;107mINFO [39m[38;5;188m traceId=[39m[38;5;85m[39m[38;5;188m, spanId=[39m[38;5;85m[39m[38;5;188m [[39m[38;5;69mio.qua.sma.dep.processor[39m[38;5;188m] ([39m[38;5;71mbuild-11[39m[38;5;188m) [39m[38;5;151m[39mGenerating Jackson serializer for type [38;5;188mcom.akfc.catalog.events.ResourceCreatedEvent[39m[39m[38;5;203m[39m[38;5;227m
[39m__  ____  __  _____   ___  __ ____  ______ 
 --/ __ \/ / / / _ | / _ \/ //_/ / / / __/ 
 -/ /_/ / /_/ / __ |/ , _/ ,< / /_/ /\ \   
--\___\_\____/_/ |_/_/|_/_/|_|\____/___/   
[38;5;145m2025-12-16 22:06:20,803[39m[38;5;188m [39m[38;5;137mWARN [39m[38;5;188m traceId=[39m[38;5;85m[39m[38;5;188m, spanId=[39m[38;5;85m[39m[38;5;188m [[39m[38;5;69mio.qua.config[39m[38;5;188m] ([39m[38;5;71mQuarkus Main Thread[39m[38;5;188m) [39m[38;5;151m[39mUnrecognized configuration key "[38;5;188mquarkus.stork.users-service.service-discovery.consul-host[39m" was provided; it will be ignored; verify that the dependency extension for this configuration is set or that you did not make a typo[39m[38;5;203m[39m[38;5;227m
[39m[38;5;145m2025-12-16 22:06:20,803[39m[38;5;188m [39m[38;5;137mWARN [39m[38;5;188m traceId=[39m[38;5;85m[39m[38;5;188m, spanId=[39m[38;5;85m[39m[38;5;188m [[39m[38;5;69mio.qua.config[39m[38;5;188m] ([39m[38;5;71mQuarkus Main Thread[39m[38;5;188m) [39m[38;5;151m[39mUnrecognized configuration key "[38;5;188mquarkus.stork.reviews-service.service-discovery.consul-port[39m" was provided; it will be ignored; verify that the dependency extension for this configuration is set or that you did not make a typo[39m[38;5;203m[39m[38;5;227m
[39m[38;5;145m2025-12-16 22:06:20,803[39m[38;5;188m [39m[38;5;137mWARN [39m[38;5;188m traceId=[39m[38;5;85m[39m[38;5;188m, spanId=[39m[38;5;85m[39m[38;5;188m [[39m[38;5;69mio.qua.config[39m[38;5;188m] ([39m[38;5;71mQuarkus Main Thread[39m[38;5;188m) [39m[38;5;151m[39mUnrecognized configuration key "[38;5;188mquarkus.stork.users-service.service-discovery.type[39m" was provided; it will be ignored; verify that the dependency extension for this configuration is set or that you did not make a typo[39m[38;5;203m[39m[38;5;227m
[39m[38;5;145m2025-12-16 22:06:20,803[39m[38;5;188m [39m[38;5;137mWARN [39m[38;5;188m traceId=[39m[38;5;85m[39m[38;5;188m, spanId=[39m[38;5;85m[39m[38;5;188m [[39m[38;5;69mio.qua.config[39m[38;5;188m] ([39m[38;5;71mQuarkus Main Thread[39m[38;5;188m) [39m[38;5;151m[39mUnrecognized configuration key "[38;5;188mquarkus.stork.reviews-service.service-discovery.consul-host[39m" was provided; it will be ignored; verify that the dependency extension for this configuration is set or that you did not make a typo[39m[38;5;203m[39m[38;5;227m
[39m[38;5;145m2025-12-16 22:06:20,803[39m[38;5;188m [39m[38;5;137mWARN [39m[38;5;188m traceId=[39m[38;5;85m[39m[38;5;188m, spanId=[39m[38;5;85m[39m[38;5;188m [[39m[38;5;69mio.qua.config[39m[38;5;188m] ([39m[38;5;71mQuarkus Main Thread[39m[38;5;188m) [39m[38;5;151m[39mUnrecognized configuration key "[38;5;188mquarkus.stork.users-service.service-discovery.consul-port[39m" was provided; it will be ignored; verify that the dependency extension for this configuration is set or that you did not make a typo[39m[38;5;203m[39m[38;5;227m
[39m[38;5;145m2025-12-16 22:06:20,803[39m[38;5;188m [39m[38;5;137mWARN [39m[38;5;188m traceId=[39m[38;5;85m[39m[38;5;188m, spanId=[39m[38;5;85m[39m[38;5;188m [[39m[38;5;69mio.qua.config[39m[38;5;188m] ([39m[38;5;71mQuarkus Main Thread[39m[38;5;188m) [39m[38;5;151m[39mUnrecognized configuration key "[38;5;188mquarkus.stork.reviews-service.service-discovery.type[39m" was provided; it will be ignored; verify that the dependency extension for this configuration is set or that you did not make a typo[39m[38;5;203m[39m[38;5;227m
[39m[38;5;145m2025-12-16 22:06:20,810[39m[38;5;188m [39m[38;5;137mWARN [39m[38;5;188m traceId=[39m[38;5;85m[39m[38;5;188m, spanId=[39m[38;5;85m[39m[38;5;188m [[39m[38;5;69mio.qua.config[39m[38;5;188m] ([39m[38;5;71mQuarkus Main Thread[39m[38;5;188m) [39m[38;5;151m[39mThe "[38;5;188mquarkus.hibernate-orm.database.generation[39m" config property is deprecated and should not be used anymore.[39m[38;5;203m[39m[38;5;227m
[39m[38;5;145m2025-12-16 22:06:20,832[39m[38;5;188m [39m[38;5;137mWARN [39m[38;5;188m traceId=[39m[38;5;85m[39m[38;5;188m, spanId=[39m[38;5;85m[39m[38;5;188m [[39m[38;5;69mio.qua.oid.run.TenantConfigContextImpl[39m[38;5;188m] ([39m[38;5;71mvert.x-eventloop-thread-9[39m[38;5;188m) [39m[38;5;151mSecret key for encrypting OIDC authorization code flow tokens in a session cookie is not configured, auto-generating it. Note that a new secret will be generated after a restart, thus making it impossible to decrypt the session cookie and requiring a user re-authentication. Use 'quarkus.oidc.token-state-manager.encryption-secret' to configure an encryption secret. Alternatively, disable session cookie encryption with 'quarkus.oidc.token-state-manager.encryption-required=false' but only if it is considered to be safe in your application's network.[39m[38;5;203m[39m[38;5;227m
[39m[35m[Hibernate][0m 
    [34mset[0m client_min_messages = WARNING
[35m[Hibernate][0m 
    [34malter[0m [34mtable[0m [34mif[0m [34mexists[0m resource_keywords 
       [34mdrop[0m [34mconstraint[0m [34mif[0m [34mexists[0m FK7agkg7q1sy11f04tl1hxw8ims
[35m[Hibernate][0m 
    [34mdrop[0m [34mtable[0m [34mif[0m [34mexists[0m resource_keywords [34mcascade[0m
[35m[Hibernate][0m 
    [34mdrop[0m [34mtable[0m [34mif[0m [34mexists[0m resources [34mcascade[0m
[35m[Hibernate][0m 
    [34mcreate[0m [34mtable[0m resource_keywords (
        resource_id [34mbigint[0m [34mnot[0m [34mnull[0m,
        keyword [34mvarchar[0m(100)
    )
[35m[Hibernate][0m 
    [34mcreate[0m [34mtable[0m resources (
        archived [34mboolean[0m [34mnot[0m [34mnull[0m,
        [34myear[0m [34minteger[0m [34mnot[0m [34mnull[0m [34mcheck[0m (([34myear[0m>=1000) [34mand[0m ([34myear[0m<=9999)),
        created_at [34mtimestamp[0m(6) [34mnot[0m [34mnull[0m,
        id [34mbigint[0m generated [34mby[0m [34mdefault[0m [34mas[0m [34midentity[0m,
        updated_at [34mtimestamp[0m(6) [34mnot[0m [34mnull[0m,
        status [34mvarchar[0m(20) [34mnot[0m [34mnull[0m [34mcheck[0m ((status [34min[0m ([36m'AVAILABLE'[0m,[36m'UNAVAILABLE'[0m,[36m'RESERVED'[0m))),
        type [34mvarchar[0m(20) [34mnot[0m [34mnull[0m [34mcheck[0m ((type [34min[0m ([36m'BOOK'[0m,[36m'MOVIE'[0m,[36m'MUSIC'[0m))),
        created_by [34mvarchar[0m(100),
        modified_by [34mvarchar[0m(100),
        archive_reason [34mvarchar[0m(500),
        illustration_url [34mvarchar[0m(500),
        creator [34mvarchar[0m(255) [34mnot[0m [34mnull[0m,
        title [34mvarchar[0m(255) [34mnot[0m [34mnull[0m,
        [34mprimary[0m [34mkey[0m (id)
    )
[35m[Hibernate][0m 
    [34mcreate[0m index idx_resource_title 
       [34mon[0m resources (title)
[35m[Hibernate][0m 
    [34mcreate[0m index idx_resource_type 
       [34mon[0m resources (type)
[35m[Hibernate][0m 
    [34mcreate[0m index idx_resource_year 
       [34mon[0m resources ([34myear[0m)
[35m[Hibernate][0m 
    [34mcreate[0m index idx_resource_status 
       [34mon[0m resources (status)
[35m[Hibernate][0m 
    [34mcreate[0m index idx_resource_archived 
       [34mon[0m resources (archived)
[35m[Hibernate][0m 
    [34malter[0m [34mtable[0m [34mif[0m [34mexists[0m resource_keywords 
       [34madd[0m [34mconstraint[0m FK7agkg7q1sy11f04tl1hxw8ims 
       [34mforeign[0m [34mkey[0m (resource_id) 
       [34mreferences[0m resources
[38;5;145m2025-12-16 22:06:20,938[39m[38;5;188m [39m[38;5;107mINFO [39m[38;5;188m traceId=[39m[38;5;85m[39m[38;5;188m, spanId=[39m[38;5;85m[39m[38;5;188m [[39m[38;5;69mio.qua.oid.run.dev.ui.OidcDevUiRecorder[39m[38;5;188m] ([39m[38;5;71mQuarkus Main Thread[39m[38;5;188m) [39m[38;5;151m[39mOIDC Dev Console: discovering the provider metadata at [38;5;188mhttp://localhost:8180/auth/realms/training/.well-known/openid-configuration[39m[39m[38;5;203m[39m[38;5;227m
[39m[38;5;145m2025-12-16 22:06:20,967[39m[38;5;188m [39m[38;5;107mINFO [39m[38;5;188m traceId=[39m[38;5;85m[39m[38;5;188m, spanId=[39m[38;5;85m[39m[38;5;188m [[39m[38;5;69mio.sma.rea.mes.kafka[39m[38;5;188m] ([39m[38;5;71msmallrye-kafka-producer-thread-1[39m[38;5;188m) [39m[38;5;151m[39mSRMSG18258: Kafka producer [38;5;188mkafka-producer-resource-events[39m, connected to Kafka brokers '[38;5;188mlocalhost:29092[39m', is configured to write records to '[38;5;188mlibrary-resources[39m'[39m[38;5;203m[39m[38;5;227m
[39m[38;5;145m2025-12-16 22:06:20,978[39m[38;5;188m [39m[38;5;107mINFO [39m[38;5;188m traceId=[39m[38;5;85m[39m[38;5;188m, spanId=[39m[38;5;85m[39m[38;5;188m [[39m[38;5;69mcom.akf.cat.int.goo.GoogleBooksSyncService[39m[38;5;188m] ([39m[38;5;71mQuarkus Main Thread[39m[38;5;188m) [39m[38;5;151m================================================================================[39m[38;5;203m[39m[38;5;227m
[39m[38;5;145m2025-12-16 22:06:20,979[39m[38;5;188m [39m[38;5;107mINFO [39m[38;5;188m traceId=[39m[38;5;85m[39m[38;5;188m, spanId=[39m[38;5;85m[39m[38;5;188m [[39m[38;5;69mcom.akf.cat.int.goo.GoogleBooksSyncService[39m[38;5;188m] ([39m[38;5;71mQuarkus Main Thread[39m[38;5;188m) [39m[38;5;151mStarting Google Books synchronization...[39m[38;5;203m[39m[38;5;227m
[39m[38;5;145m2025-12-16 22:06:20,979[39m[38;5;188m [39m[38;5;107mINFO [39m[38;5;188m traceId=[39m[38;5;85m[39m[38;5;188m, spanId=[39m[38;5;85m[39m[38;5;188m [[39m[38;5;69mcom.akf.cat.int.goo.GoogleBooksSyncService[39m[38;5;188m] ([39m[38;5;71mQuarkus Main Thread[39m[38;5;188m) [39m[38;5;151m================================================================================[39m[38;5;203m[39m[38;5;227m
[39m[38;5;145m2025-12-16 22:06:20,983[39m[38;5;188m [39m[38;5;107mINFO [39m[38;5;188m traceId=[39m[38;5;85m[39m[38;5;188m, spanId=[39m[38;5;85m[39m[38;5;188m [[39m[38;5;69mcom.akf.cat.int.goo.GoogleBooksSyncService[39m[38;5;188m] ([39m[38;5;71mQuarkus Main Thread[39m[38;5;188m) [39m[38;5;151m[39mSyncing books for 3 authors: [38;5;188mJules Verne, Victor Hugo, Ali Koudri[39m[39m[38;5;203m[39m[38;5;227m
[39m[38;5;145m2025-12-16 22:06:20,983[39m[38;5;188m [39m[38;5;107mINFO [39m[38;5;188m traceId=[39m[38;5;85m[39m[38;5;188m, spanId=[39m[38;5;85m[39m[38;5;188m [[39m[38;5;69mcom.akf.cat.int.goo.GoogleBooksSyncService[39m[38;5;188m] ([39m[38;5;71mQuarkus Main Thread[39m[38;5;188m) [39m[38;5;151m[39mFetching books for author: [38;5;188mJules Verne[39m[39m[38;5;203m[39m[38;5;227m
[39m[38;5;145m2025-12-16 22:06:21,991[39m[38;5;188m [39m[38;5;107mINFO [39m[38;5;188m traceId=[39m[38;5;85m[39m[38;5;188m, spanId=[39m[38;5;85m[39m[38;5;188m [[39m[38;5;69mcom.akf.cat.int.goo.GoogleBooksSyncService[39m[38;5;188m] ([39m[38;5;71mQuarkus Main Thread[39m[38;5;188m) [39m[38;5;151m[39mFound 20 books for author: [38;5;188mJules Verne[39m[39m[38;5;203m[39m[38;5;227m
[39m[38;5;145m2025-12-16 22:06:21,992[39m[38;5;188m [39m[38;5;107mINFO [39m[38;5;188m traceId=[39m[38;5;85m[39m[38;5;188m, spanId=[39m[38;5;85m[39m[38;5;188m [[39m[38;5;69mcom.akf.cat.int.goo.GoogleBooksSyncService[39m[38;5;188m] ([39m[38;5;71mQuarkus Main Thread[39m[38;5;188m) [39m[38;5;151m[39mSuccessfully converted 20/20 books to resources[39m[38;5;203m[39m[38;5;227m
[39m[35m[Hibernate][0m 
    [34mselect[0m
        r1_0.id,
        r1_0.archive_reason,
        r1_0.archived,
        r1_0.created_at,
        r1_0.created_by,
        r1_0.creator,
        r1_0.illustration_url,
        r1_0.modified_by,
        r1_0.status,
        r1_0.title,
        r1_0.type,
        r1_0.updated_at,
        r1_0.[34myear[0m 
    [34mfrom[0m
        resources r1_0 
    [34mwhere[0m
        lower(r1_0.title)=lower(?) 
        [34mand[0m lower(r1_0.creator)=lower(?) 
        [34mand[0m r1_0.archived=[34mfalse[0m
[35m[Hibernate][0m 
    [34minsert[0m 
    [34minto[0m
        resources
        (archive_reason, archived, created_at, created_by, creator, illustration_url, modified_by, status, title, type, updated_at, [34myear[0m) 
    [34mvalues[0m
        (?, ?, ?, ?, ?, ?, ?, ?, ?, ?, ?, ?)
[35m[Hibernate][0m 
    [34mselect[0m
        r1_0.id,
        r1_0.archive_reason,
        r1_0.archived,
        r1_0.created_at,
        r1_0.created_by,
        r1_0.creator,
        r1_0.illustration_url,
        r1_0.modified_by,
        r1_0.status,
        r1_0.title,
        r1_0.type,
        r1_0.updated_at,
        r1_0.[34myear[0m 
    [34mfrom[0m
        resources r1_0 
    [34mwhere[0m
        lower(r1_0.title)=lower(?) 
        [34mand[0m lower(r1_0.creator)=lower(?) 
        [34mand[0m r1_0.archived=[34mfalse[0m
[35m[Hibernate][0m 
    [34minsert[0m 
    [34minto[0m
        resources
        (archive_reason, archived, created_at, created_by, creator, illustration_url, modified_by, status, title, type, updated_at, [34myear[0m) 
    [34mvalues[0m
        (?, ?, ?, ?, ?, ?, ?, ?, ?, ?, ?, ?)
[35m[Hibernate][0m 
    [34mselect[0m
        r1_0.id,
        r1_0.archive_reason,
        r1_0.archived,
        r1_0.created_at,
        r1_0.created_by,
        r1_0.creator,
        r1_0.illustration_url,
        r1_0.modified_by,
        r1_0.status,
        r1_0.title,
        r1_0.type,
        r1_0.updated_at,
        r1_0.[34myear[0m 
    [34mfrom[0m
        resources r1_0 
    [34mwhere[0m
        lower(r1_0.title)=lower(?) 
        [34mand[0m lower(r1_0.creator)=lower(?) 
        [34mand[0m r1_0.archived=[34mfalse[0m
[35m[Hibernate][0m 
    [34minsert[0m 
    [34minto[0m
        resources
        (archive_reason, archived, created_at, created_by, creator, illustration_url, modified_by, status, title, type, updated_at, [34myear[0m) 
    [34mvalues[0m
        (?, ?, ?, ?, ?, ?, ?, ?, ?, ?, ?, ?)
[35m[Hibernate][0m 
    [34mselect[0m
        r1_0.id,
        r1_0.archive_reason,
        r1_0.archived,
        r1_0.created_at,
        r1_0.created_by,
        r1_0.creator,
        r1_0.illustration_url,
        r1_0.modified_by,
        r1_0.status,
        r1_0.title,
        r1_0.type,
        r1_0.updated_at,
        r1_0.[34myear[0m 
    [34mfrom[0m
        resources r1_0 
    [34mwhere[0m
        lower(r1_0.title)=lower(?) 
        [34mand[0m lower(r1_0.creator)=lower(?) 
        [34mand[0m r1_0.archived=[34mfalse[0m
[35m[Hibernate][0m 
    [34minsert[0m 
    [34minto[0m
        resources
        (archive_reason, archived, created_at, created_by, creator, illustration_url, modified_by, status, title, type, updated_at, [34myear[0m) 
    [34mvalues[0m
        (?, ?, ?, ?, ?, ?, ?, ?, ?, ?, ?, ?)
[35m[Hibernate][0m 
    [34mselect[0m
        r1_0.id,
        r1_0.archive_reason,
        r1_0.archived,
        r1_0.created_at,
        r1_0.created_by,
        r1_0.creator,
        r1_0.illustration_url,
        r1_0.modified_by,
        r1_0.status,
        r1_0.title,
        r1_0.type,
        r1_0.updated_at,
        r1_0.[34myear[0m 
    [34mfrom[0m
        resources r1_0 
    [34mwhere[0m
        lower(r1_0.title)=lower(?) 
        [34mand[0m lower(r1_0.creator)=lower(?) 
        [34mand[0m r1_0.archived=[34mfalse[0m
[35m[Hibernate][0m 
    [34minsert[0m 
    [34minto[0m
        resources
        (archive_reason, archived, created_at, created_by, creator, illustration_url, modified_by, status, title, type, updated_at, [34myear[0m) 
    [34mvalues[0m
        (?, ?, ?, ?, ?, ?, ?, ?, ?, ?, ?, ?)
[35m[Hibernate][0m 
    [34mselect[0m
        r1_0.id,
        r1_0.archive_reason,
        r1_0.archived,
        r1_0.created_at,
        r1_0.created_by,
        r1_0.creator,
        r1_0.illustration_url,
        r1_0.modified_by,
        r1_0.status,
        r1_0.title,
        r1_0.type,
        r1_0.updated_at,
        r1_0.[34myear[0m 
    [34mfrom[0m
        resources r1_0 
    [34mwhere[0m
        lower(r1_0.title)=lower(?) 
        [34mand[0m lower(r1_0.creator)=lower(?) 
        [34mand[0m r1_0.archived=[34mfalse[0m
[35m[Hibernate][0m 
    [34minsert[0m 
    [34minto[0m
        resources
        (archive_reason, archived, created_at, created_by, creator, illustration_url, modified_by, status, title, type, updated_at, [34myear[0m) 
    [34mvalues[0m
        (?, ?, ?, ?, ?, ?, ?, ?, ?, ?, ?, ?)
[35m[Hibernate][0m 
    [34mselect[0m
        r1_0.id,
        r1_0.archive_reason,
        r1_0.archived,
        r1_0.created_at,
        r1_0.created_by,
        r1_0.creator,
        r1_0.illustration_url,
        r1_0.modified_by,
        r1_0.status,
        r1_0.title,
        r1_0.type,
        r1_0.updated_at,
        r1_0.[34myear[0m 
    [34mfrom[0m
        resources r1_0 
    [34mwhere[0m
        lower(r1_0.title)=lower(?) 
        [34mand[0m lower(r1_0.creator)=lower(?) 
        [34mand[0m r1_0.archived=[34mfalse[0m
[35m[Hibernate][0m 
    [34minsert[0m 
    [34minto[0m
        resources
        (archive_reason, archived, created_at, created_by, creator, illustration_url, modified_by, status, title, type, updated_at, [34myear[0m) 
    [34mvalues[0m
        (?, ?, ?, ?, ?, ?, ?, ?, ?, ?, ?, ?)
[35m[Hibernate][0m 
    [34mselect[0m
        r1_0.id,
        r1_0.archive_reason,
        r1_0.archived,
        r1_0.created_at,
        r1_0.created_by,
        r1_0.creator,
        r1_0.illustration_url,
        r1_0.modified_by,
        r1_0.status,
        r1_0.title,
        r1_0.type,
        r1_0.updated_at,
        r1_0.[34myear[0m 
    [34mfrom[0m
        resources r1_0 
    [34mwhere[0m
        lower(r1_0.title)=lower(?) 
        [34mand[0m lower(r1_0.creator)=lower(?) 
        [34mand[0m r1_0.archived=[34mfalse[0m
[35m[Hibernate][0m 
    [34minsert[0m 
    [34minto[0m
        resources
        (archive_reason, archived, created_at, created_by, creator, illustration_url, modified_by, status, title, type, updated_at, [34myear[0m) 
    [34mvalues[0m
        (?, ?, ?, ?, ?, ?, ?, ?, ?, ?, ?, ?)
[35m[Hibernate][0m 
    [34mselect[0m
        r1_0.id,
        r1_0.archive_reason,
        r1_0.archived,
        r1_0.created_at,
        r1_0.created_by,
        r1_0.creator,
        r1_0.illustration_url,
        r1_0.modified_by,
        r1_0.status,
        r1_0.title,
        r1_0.type,
        r1_0.updated_at,
        r1_0.[34myear[0m 
    [34mfrom[0m
        resources r1_0 
    [34mwhere[0m
        lower(r1_0.title)=lower(?) 
        [34mand[0m lower(r1_0.creator)=lower(?) 
        [34mand[0m r1_0.archived=[34mfalse[0m
[35m[Hibernate][0m 
    [34minsert[0m 
    [34minto[0m
        resources
        (archive_reason, archived, created_at, created_by, creator, illustration_url, modified_by, status, title, type, updated_at, [34myear[0m) 
    [34mvalues[0m
        (?, ?, ?, ?, ?, ?, ?, ?, ?, ?, ?, ?)
[35m[Hibernate][0m 
    [34mselect[0m
        r1_0.id,
        r1_0.archive_reason,
        r1_0.archived,
        r1_0.created_at,
        r1_0.created_by,
        r1_0.creator,
        r1_0.illustration_url,
        r1_0.modified_by,
        r1_0.status,
        r1_0.title,
        r1_0.type,
        r1_0.updated_at,
        r1_0.[34myear[0m 
    [34mfrom[0m
        resources r1_0 
    [34mwhere[0m
        lower(r1_0.title)=lower(?) 
        [34mand[0m lower(r1_0.creator)=lower(?) 
        [34mand[0m r1_0.archived=[34mfalse[0m
[35m[Hibernate][0m 
    [34minsert[0m 
    [34minto[0m
        resources
        (archive_reason, archived, created_at, created_by, creator, illustration_url, modified_by, status, title, type, updated_at, [34myear[0m) 
    [34mvalues[0m
        (?, ?, ?, ?, ?, ?, ?, ?, ?, ?, ?, ?)
[35m[Hibernate][0m 
    [34mselect[0m
        r1_0.id,
        r1_0.archive_reason,
        r1_0.archived,
        r1_0.created_at,
        r1_0.created_by,
        r1_0.creator,
        r1_0.illustration_url,
        r1_0.modified_by,
        r1_0.status,
        r1_0.title,
        r1_0.type,
        r1_0.updated_at,
        r1_0.[34myear[0m 
    [34mfrom[0m
        resources r1_0 
    [34mwhere[0m
        lower(r1_0.title)=lower(?) 
        [34mand[0m lower(r1_0.creator)=lower(?) 
        [34mand[0m r1_0.archived=[34mfalse[0m
[35m[Hibernate][0m 
    [34minsert[0m 
    [34minto[0m
        resources
        (archive_reason, archived, created_at, created_by, creator, illustration_url, modified_by, status, title, type, updated_at, [34myear[0m) 
    [34mvalues[0m
        (?, ?, ?, ?, ?, ?, ?, ?, ?, ?, ?, ?)
[35m[Hibernate][0m 
    [34mselect[0m
        r1_0.id,
        r1_0.archive_reason,
        r1_0.archived,
        r1_0.created_at,
        r1_0.created_by,
        r1_0.creator,
        r1_0.illustration_url,
        r1_0.modified_by,
        r1_0.status,
        r1_0.title,
        r1_0.type,
        r1_0.updated_at,
        r1_0.[34myear[0m 
    [34mfrom[0m
        resources r1_0 
    [34mwhere[0m
        lower(r1_0.title)=lower(?) 
        [34mand[0m lower(r1_0.creator)=lower(?) 
        [34mand[0m r1_0.archived=[34mfalse[0m
[35m[Hibernate][0m 
    [34minsert[0m 
    [34minto[0m
        resources
        (archive_reason, archived, created_at, created_by, creator, illustration_url, modified_by, status, title, type, updated_at, [34myear[0m) 
    [34mvalues[0m
        (?, ?, ?, ?, ?, ?, ?, ?, ?, ?, ?, ?)
[35m[Hibernate][0m 
    [34mselect[0m
        r1_0.id,
        r1_0.archive_reason,
        r1_0.archived,
        r1_0.created_at,
        r1_0.created_by,
        r1_0.creator,
        r1_0.illustration_url,
        r1_0.modified_by,
        r1_0.status,
        r1_0.title,
        r1_0.type,
        r1_0.updated_at,
        r1_0.[34myear[0m 
    [34mfrom[0m
        resources r1_0 
    [34mwhere[0m
        lower(r1_0.title)=lower(?) 
        [34mand[0m lower(r1_0.creator)=lower(?) 
        [34mand[0m r1_0.archived=[34mfalse[0m
[35m[Hibernate][0m 
    [34minsert[0m 
    [34minto[0m
        resources
        (archive_reason, archived, created_at, created_by, creator, illustration_url, modified_by, status, title, type, updated_at, [34myear[0m) 
    [34mvalues[0m
        (?, ?, ?, ?, ?, ?, ?, ?, ?, ?, ?, ?)
[35m[Hibernate][0m 
    [34mselect[0m
        r1_0.id,
        r1_0.archive_reason,
        r1_0.archived,
        r1_0.created_at,
        r1_0.created_by,
        r1_0.creator,
        r1_0.illustration_url,
        r1_0.modified_by,
        r1_0.status,
        r1_0.title,
        r1_0.type,
        r1_0.updated_at,
        r1_0.[34myear[0m 
    [34mfrom[0m
        resources r1_0 
    [34mwhere[0m
        lower(r1_0.title)=lower(?) 
        [34mand[0m lower(r1_0.creator)=lower(?) 
        [34mand[0m r1_0.archived=[34mfalse[0m
[35m[Hibernate][0m 
    [34minsert[0m 
    [34minto[0m
        resources
        (archive_reason, archived, created_at, created_by, creator, illustration_url, modified_by, status, title, type, updated_at, [34myear[0m) 
    [34mvalues[0m
        (?, ?, ?, ?, ?, ?, ?, ?, ?, ?, ?, ?)
[35m[Hibernate][0m 
    [34mselect[0m
        r1_0.id,
        r1_0.archive_reason,
        r1_0.archived,
        r1_0.created_at,
        r1_0.created_by,
        r1_0.creator,
        r1_0.illustration_url,
        r1_0.modified_by,
        r1_0.status,
        r1_0.title,
        r1_0.type,
        r1_0.updated_at,
        r1_0.[34myear[0m 
    [34mfrom[0m
        resources r1_0 
    [34mwhere[0m
        lower(r1_0.title)=lower(?) 
        [34mand[0m lower(r1_0.creator)=lower(?) 
        [34mand[0m r1_0.archived=[34mfalse[0m
[35m[Hibernate][0m 
    [34minsert[0m 
    [34minto[0m
        resources
        (archive_reason, archived, created_at, created_by, creator, illustration_url, modified_by, status, title, type, updated_at, [34myear[0m) 
    [34mvalues[0m
        (?, ?, ?, ?, ?, ?, ?, ?, ?, ?, ?, ?)
[35m[Hibernate][0m 
    [34mselect[0m
        r1_0.id,
        r1_0.archive_reason,
        r1_0.archived,
        r1_0.created_at,
        r1_0.created_by,
        r1_0.creator,
        r1_0.illustration_url,
        r1_0.modified_by,
        r1_0.status,
        r1_0.title,
        r1_0.type,
        r1_0.updated_at,
        r1_0.[34myear[0m 
    [34mfrom[0m
        resources r1_0 
    [34mwhere[0m
        lower(r1_0.title)=lower(?) 
        [34mand[0m lower(r1_0.creator)=lower(?) 
        [34mand[0m r1_0.archived=[34mfalse[0m
[35m[Hibernate][0m 
    [34minsert[0m 
    [34minto[0m
        resources
        (archive_reason, archived, created_at, created_by, creator, illustration_url, modified_by, status, title, type, updated_at, [34myear[0m) 
    [34mvalues[0m
        (?, ?, ?, ?, ?, ?, ?, ?, ?, ?, ?, ?)
[35m[Hibernate][0m 
    [34mselect[0m
        r1_0.id,
        r1_0.archive_reason,
        r1_0.archived,
        r1_0.created_at,
        r1_0.created_by,
        r1_0.creator,
        r1_0.illustration_url,
        r1_0.modified_by,
        r1_0.status,
        r1_0.title,
        r1_0.type,
        r1_0.updated_at,
        r1_0.[34myear[0m 
    [34mfrom[0m
        resources r1_0 
    [34mwhere[0m
        lower(r1_0.title)=lower(?) 
        [34mand[0m lower(r1_0.creator)=lower(?) 
        [34mand[0m r1_0.archived=[34mfalse[0m
[35m[Hibernate][0m 
    [34minsert[0m 
    [34minto[0m
        resources
        (archive_reason, archived, created_at, created_by, creator, illustration_url, modified_by, status, title, type, updated_at, [34myear[0m) 
    [34mvalues[0m
        (?, ?, ?, ?, ?, ?, ?, ?, ?, ?, ?, ?)
[35m[Hibernate][0m 
    [34mselect[0m
        r1_0.id,
        r1_0.archive_reason,
        r1_0.archived,
        r1_0.created_at,
        r1_0.created_by,
        r1_0.creator,
        r1_0.illustration_url,
        r1_0.modified_by,
        r1_0.status,
        r1_0.title,
        r1_0.type,
        r1_0.updated_at,
        r1_0.[34myear[0m 
    [34mfrom[0m
        resources r1_0 
    [34mwhere[0m
        lower(r1_0.title)=lower(?) 
        [34mand[0m lower(r1_0.creator)=lower(?) 
        [34mand[0m r1_0.archived=[34mfalse[0m
[35m[Hibernate][0m 
    [34minsert[0m 
    [34minto[0m
        resources
        (archive_reason, archived, created_at, created_by, creator, illustration_url, modified_by, status, title, type, updated_at, [34myear[0m) 
    [34mvalues[0m
        (?, ?, ?, ?, ?, ?, ?, ?, ?, ?, ?, ?)
[35m[Hibernate][0m 
    [34mselect[0m
        r1_0.id,
        r1_0.archive_reason,
        r1_0.archived,
        r1_0.created_at,
        r1_0.created_by,
        r1_0.creator,
        r1_0.illustration_url,
        r1_0.modified_by,
        r1_0.status,
        r1_0.title,
        r1_0.type,
        r1_0.updated_at,
        r1_0.[34myear[0m 
    [34mfrom[0m
        resources r1_0 
    [34mwhere[0m
        lower(r1_0.title)=lower(?) 
        [34mand[0m lower(r1_0.creator)=lower(?) 
        [34mand[0m r1_0.archived=[34mfalse[0m
[35m[Hibernate][0m 
    [34minsert[0m 
    [34minto[0m
        resources
        (archive_reason, archived, created_at, created_by, creator, illustration_url, modified_by, status, title, type, updated_at, [34myear[0m) 
    [34mvalues[0m
        (?, ?, ?, ?, ?, ?, ?, ?, ?, ?, ?, ?)
[35m[Hibernate][0m 
    [34mselect[0m
        r1_0.id,
        r1_0.archive_reason,
        r1_0.archived,
        r1_0.created_at,
        r1_0.created_by,
        r1_0.creator,
        r1_0.illustration_url,
        r1_0.modified_by,
        r1_0.status,
        r1_0.title,
        r1_0.type,
        r1_0.updated_at,
        r1_0.[34myear[0m 
    [34mfrom[0m
        resources r1_0 
    [34mwhere[0m
        lower(r1_0.title)=lower(?) 
        [34mand[0m lower(r1_0.creator)=lower(?) 
        [34mand[0m r1_0.archived=[34mfalse[0m
[35m[Hibernate][0m 
    [34minsert[0m 
    [34minto[0m
        resources
        (archive_reason, archived, created_at, created_by, creator, illustration_url, modified_by, status, title, type, updated_at, [34myear[0m) 
    [34mvalues[0m
        (?, ?, ?, ?, ?, ?, ?, ?, ?, ?, ?, ?)
[38;5;145m2025-12-16 22:06:22,031[39m[38;5;188m [39m[38;5;107mINFO [39m[38;5;188m traceId=[39m[38;5;85m[39m[38;5;188m, spanId=[39m[38;5;85m[39m[38;5;188m [[39m[38;5;69mcom.akf.cat.int.goo.GoogleBooksSyncService[39m[38;5;188m] ([39m[38;5;71mQuarkus Main Thread[39m[38;5;188m) [39m[38;5;151m[39mSaved 20 new books for author [38;5;188mJules Verne[39m (0 duplicates skipped)[39m[38;5;203m[39m[38;5;227m
[39m[38;5;145m2025-12-16 22:06:22,032[39m[38;5;188m [39m[38;5;107mINFO [39m[38;5;188m traceId=[39m[38;5;85m[39m[38;5;188m, spanId=[39m[38;5;85m[39m[38;5;188m [[39m[38;5;69mcom.akf.cat.int.goo.GoogleBooksSyncService[39m[38;5;188m] ([39m[38;5;71mQuarkus Main Thread[39m[38;5;188m) [39m[38;5;151m[39mFetching books for author: [38;5;188mVictor Hugo[39m[39m[38;5;203m[39m[38;5;227m
[39m[38;5;145m2025-12-16 22:06:22,469[39m[38;5;188m [39m[38;5;107mINFO [39m[38;5;188m traceId=[39m[38;5;85m[39m[38;5;188m, spanId=[39m[38;5;85m[39m[38;5;188m [[39m[38;5;69mcom.akf.cat.int.goo.GoogleBooksSyncService[39m[38;5;188m] ([39m[38;5;71mQuarkus Main Thread[39m[38;5;188m) [39m[38;5;151m[39mFound 20 books for author: [38;5;188mVictor Hugo[39m[39m[38;5;203m[39m[38;5;227m
[39m[38;5;145m2025-12-16 22:06:22,469[39m[38;5;188m [39m[38;5;107mINFO [39m[38;5;188m traceId=[39m[38;5;85m[39m[38;5;188m, spanId=[39m[38;5;85m[39m[38;5;188m [[39m[38;5;69mcom.akf.cat.int.goo.GoogleBooksSyncService[39m[38;5;188m] ([39m[38;5;71mQuarkus Main Thread[39m[38;5;188m) [39m[38;5;151m[39mSuccessfully converted 20/20 books to resources[39m[38;5;203m[39m[38;5;227m
[39m[35m[Hibernate][0m 
    [34mselect[0m
        r1_0.id,
        r1_0.archive_reason,
        r1_0.archived,
        r1_0.created_at,
        r1_0.created_by,
        r1_0.creator,
        r1_0.illustration_url,
        r1_0.modified_by,
        r1_0.status,
        r1_0.title,
        r1_0.type,
        r1_0.updated_at,
        r1_0.[34myear[0m 
    [34mfrom[0m
        resources r1_0 
    [34mwhere[0m
        lower(r1_0.title)=lower(?) 
        [34mand[0m lower(r1_0.creator)=lower(?) 
        [34mand[0m r1_0.archived=[34mfalse[0m
[35m[Hibernate][0m 
    [34minsert[0m 
    [34minto[0m
        resources
        (archive_reason, archived, created_at, created_by, creator, illustration_url, modified_by, status, title, type, updated_at, [34myear[0m) 
    [34mvalues[0m
        (?, ?, ?, ?, ?, ?, ?, ?, ?, ?, ?, ?)
[35m[Hibernate][0m 
    [34mselect[0m
        r1_0.id,
        r1_0.archive_reason,
        r1_0.archived,
        r1_0.created_at,
        r1_0.created_by,
        r1_0.creator,
        r1_0.illustration_url,
        r1_0.modified_by,
        r1_0.status,
        r1_0.title,
        r1_0.type,
        r1_0.updated_at,
        r1_0.[34myear[0m 
    [34mfrom[0m
        resources r1_0 
    [34mwhere[0m
        lower(r1_0.title)=lower(?) 
        [34mand[0m lower(r1_0.creator)=lower(?) 
        [34mand[0m r1_0.archived=[34mfalse[0m
[35m[Hibernate][0m 
    [34minsert[0m 
    [34minto[0m
        resources
        (archive_reason, archived, created_at, created_by, creator, illustration_url, modified_by, status, title, type, updated_at, [34myear[0m) 
    [34mvalues[0m
        (?, ?, ?, ?, ?, ?, ?, ?, ?, ?, ?, ?)
[35m[Hibernate][0m 
    [34mselect[0m
        r1_0.id,
        r1_0.archive_reason,
        r1_0.archived,
        r1_0.created_at,
        r1_0.created_by,
        r1_0.creator,
        r1_0.illustration_url,
        r1_0.modified_by,
        r1_0.status,
        r1_0.title,
        r1_0.type,
        r1_0.updated_at,
        r1_0.[34myear[0m 
    [34mfrom[0m
        resources r1_0 
    [34mwhere[0m
        lower(r1_0.title)=lower(?) 
        [34mand[0m lower(r1_0.creator)=lower(?) 
        [34mand[0m r1_0.archived=[34mfalse[0m
[35m[Hibernate][0m 
    [34minsert[0m 
    [34minto[0m
        resources
        (archive_reason, archived, created_at, created_by, creator, illustration_url, modified_by, status, title, type, updated_at, [34myear[0m) 
    [34mvalues[0m
        (?, ?, ?, ?, ?, ?, ?, ?, ?, ?, ?, ?)
[35m[Hibernate][0m 
    [34mselect[0m
        r1_0.id,
        r1_0.archive_reason,
        r1_0.archived,
        r1_0.created_at,
        r1_0.created_by,
        r1_0.creator,
        r1_0.illustration_url,
        r1_0.modified_by,
        r1_0.status,
        r1_0.title,
        r1_0.type,
        r1_0.updated_at,
        r1_0.[34myear[0m 
    [34mfrom[0m
        resources r1_0 
    [34mwhere[0m
        lower(r1_0.title)=lower(?) 
        [34mand[0m lower(r1_0.creator)=lower(?) 
        [34mand[0m r1_0.archived=[34mfalse[0m
[35m[Hibernate][0m 
    [34minsert[0m 
    [34minto[0m
        resources
        (archive_reason, archived, created_at, created_by, creator, illustration_url, modified_by, status, title, type, updated_at, [34myear[0m) 
    [34mvalues[0m
        (?, ?, ?, ?, ?, ?, ?, ?, ?, ?, ?, ?)
[35m[Hibernate][0m 
    [34mselect[0m
        r1_0.id,
        r1_0.archive_reason,
        r1_0.archived,
        r1_0.created_at,
        r1_0.created_by,
        r1_0.creator,
        r1_0.illustration_url,
        r1_0.modified_by,
        r1_0.status,
        r1_0.title,
        r1_0.type,
        r1_0.updated_at,
        r1_0.[34myear[0m 
    [34mfrom[0m
        resources r1_0 
    [34mwhere[0m
        lower(r1_0.title)=lower(?) 
        [34mand[0m lower(r1_0.creator)=lower(?) 
        [34mand[0m r1_0.archived=[34mfalse[0m
[35m[Hibernate][0m 
    [34minsert[0m 
    [34minto[0m
        resources
        (archive_reason, archived, created_at, created_by, creator, illustration_url, modified_by, status, title, type, updated_at, [34myear[0m) 
    [34mvalues[0m
        (?, ?, ?, ?, ?, ?, ?, ?, ?, ?, ?, ?)
[35m[Hibernate][0m 
    [34mselect[0m
        r1_0.id,
        r1_0.archive_reason,
        r1_0.archived,
        r1_0.created_at,
        r1_0.created_by,
        r1_0.creator,
        r1_0.illustration_url,
        r1_0.modified_by,
        r1_0.status,
        r1_0.title,
        r1_0.type,
        r1_0.updated_at,
        r1_0.[34myear[0m 
    [34mfrom[0m
        resources r1_0 
    [34mwhere[0m
        lower(r1_0.title)=lower(?) 
        [34mand[0m lower(r1_0.creator)=lower(?) 
        [34mand[0m r1_0.archived=[34mfalse[0m
[35m[Hibernate][0m 
    [34minsert[0m 
    [34minto[0m
        resources
        (archive_reason, archived, created_at, created_by, creator, illustration_url, modified_by, status, title, type, updated_at, [34myear[0m) 
    [34mvalues[0m
        (?, ?, ?, ?, ?, ?, ?, ?, ?, ?, ?, ?)
[35m[Hibernate][0m 
    [34mselect[0m
        r1_0.id,
        r1_0.archive_reason,
        r1_0.archived,
        r1_0.created_at,
        r1_0.created_by,
        r1_0.creator,
        r1_0.illustration_url,
        r1_0.modified_by,
        r1_0.status,
        r1_0.title,
        r1_0.type,
        r1_0.updated_at,
        r1_0.[34myear[0m 
    [34mfrom[0m
        resources r1_0 
    [34mwhere[0m
        lower(r1_0.title)=lower(?) 
        [34mand[0m lower(r1_0.creator)=lower(?) 
        [34mand[0m r1_0.archived=[34mfalse[0m
[35m[Hibernate][0m 
    [34mselect[0m
        r1_0.id,
        r1_0.archive_reason,
        r1_0.archived,
        r1_0.created_at,
        r1_0.created_by,
        r1_0.creator,
        r1_0.illustration_url,
        r1_0.modified_by,
        r1_0.status,
        r1_0.title,
        r1_0.type,
        r1_0.updated_at,
        r1_0.[34myear[0m 
    [34mfrom[0m
        resources r1_0 
    [34mwhere[0m
        lower(r1_0.title)=lower(?) 
        [34mand[0m lower(r1_0.creator)=lower(?) 
        [34mand[0m r1_0.archived=[34mfalse[0m
[35m[Hibernate][0m 
    [34minsert[0m 
    [34minto[0m
        resources
        (archive_reason, archived, created_at, created_by, creator, illustration_url, modified_by, status, title, type, updated_at, [34myear[0m) 
    [34mvalues[0m
        (?, ?, ?, ?, ?, ?, ?, ?, ?, ?, ?, ?)
[35m[Hibernate][0m 
    [34mselect[0m
        r1_0.id,
        r1_0.archive_reason,
        r1_0.archived,
        r1_0.created_at,
        r1_0.created_by,
        r1_0.creator,
        r1_0.illustration_url,
        r1_0.modified_by,
        r1_0.status,
        r1_0.title,
        r1_0.type,
        r1_0.updated_at,
        r1_0.[34myear[0m 
    [34mfrom[0m
        resources r1_0 
    [34mwhere[0m
        lower(r1_0.title)=lower(?) 
        [34mand[0m lower(r1_0.creator)=lower(?) 
        [34mand[0m r1_0.archived=[34mfalse[0m
[35m[Hibernate][0m 
    [34minsert[0m 
    [34minto[0m
        resources
        (archive_reason, archived, created_at, created_by, creator, illustration_url, modified_by, status, title, type, updated_at, [34myear[0m) 
    [34mvalues[0m
        (?, ?, ?, ?, ?, ?, ?, ?, ?, ?, ?, ?)
[35m[Hibernate][0m 
    [34mselect[0m
        r1_0.id,
        r1_0.archive_reason,
        r1_0.archived,
        r1_0.created_at,
        r1_0.created_by,
        r1_0.creator,
        r1_0.illustration_url,
        r1_0.modified_by,
        r1_0.status,
        r1_0.title,
        r1_0.type,
        r1_0.updated_at,
        r1_0.[34myear[0m 
    [34mfrom[0m
        resources r1_0 
    [34mwhere[0m
        lower(r1_0.title)=lower(?) 
        [34mand[0m lower(r1_0.creator)=lower(?) 
        [34mand[0m r1_0.archived=[34mfalse[0m
[35m[Hibernate][0m 
    [34minsert[0m 
    [34minto[0m
        resources
        (archive_reason, archived, created_at, created_by, creator, illustration_url, modified_by, status, title, type, updated_at, [34myear[0m) 
    [34mvalues[0m
        (?, ?, ?, ?, ?, ?, ?, ?, ?, ?, ?, ?)
[35m[Hibernate][0m 
    [34mselect[0m
        r1_0.id,
        r1_0.archive_reason,
        r1_0.archived,
        r1_0.created_at,
        r1_0.created_by,
        r1_0.creator,
        r1_0.illustration_url,
        r1_0.modified_by,
        r1_0.status,
        r1_0.title,
        r1_0.type,
        r1_0.updated_at,
        r1_0.[34myear[0m 
    [34mfrom[0m
        resources r1_0 
    [34mwhere[0m
        lower(r1_0.title)=lower(?) 
        [34mand[0m lower(r1_0.creator)=lower(?) 
        [34mand[0m r1_0.archived=[34mfalse[0m
[35m[Hibernate][0m 
    [34minsert[0m 
    [34minto[0m
        resources
        (archive_reason, archived, created_at, created_by, creator, illustration_url, modified_by, status, title, type, updated_at, [34myear[0m) 
    [34mvalues[0m
        (?, ?, ?, ?, ?, ?, ?, ?, ?, ?, ?, ?)
[35m[Hibernate][0m 
    [34mselect[0m
        r1_0.id,
        r1_0.archive_reason,
        r1_0.archived,
        r1_0.created_at,
        r1_0.created_by,
        r1_0.creator,
        r1_0.illustration_url,
        r1_0.modified_by,
        r1_0.status,
        r1_0.title,
        r1_0.type,
        r1_0.updated_at,
        r1_0.[34myear[0m 
    [34mfrom[0m
        resources r1_0 
    [34mwhere[0m
        lower(r1_0.title)=lower(?) 
        [34mand[0m lower(r1_0.creator)=lower(?) 
        [34mand[0m r1_0.archived=[34mfalse[0m
[35m[Hibernate][0m 
    [34minsert[0m 
    [34minto[0m
        resources
        (archive_reason, archived, created_at, created_by, creator, illustration_url, modified_by, status, title, type, updated_at, [34myear[0m) 
    [34mvalues[0m
        (?, ?, ?, ?, ?, ?, ?, ?, ?, ?, ?, ?)
[35m[Hibernate][0m 
    [34mselect[0m
        r1_0.id,
        r1_0.archive_reason,
        r1_0.archived,
        r1_0.created_at,
        r1_0.created_by,
        r1_0.creator,
        r1_0.illustration_url,
        r1_0.modified_by,
        r1_0.status,
        r1_0.title,
        r1_0.type,
        r1_0.updated_at,
        r1_0.[34myear[0m 
    [34mfrom[0m
        resources r1_0 
    [34mwhere[0m
        lower(r1_0.title)=lower(?) 
        [34mand[0m lower(r1_0.creator)=lower(?) 
        [34mand[0m r1_0.archived=[34mfalse[0m
[35m[Hibernate][0m 
    [34minsert[0m 
    [34minto[0m
        resources
        (archive_reason, archived, created_at, created_by, creator, illustration_url, modified_by, status, title, type, updated_at, [34myear[0m) 
    [34mvalues[0m
        (?, ?, ?, ?, ?, ?, ?, ?, ?, ?, ?, ?)
[35m[Hibernate][0m 
    [34mselect[0m
        r1_0.id,
        r1_0.archive_reason,
        r1_0.archived,
        r1_0.created_at,
        r1_0.created_by,
        r1_0.creator,
        r1_0.illustration_url,
        r1_0.modified_by,
        r1_0.status,
        r1_0.title,
        r1_0.type,
        r1_0.updated_at,
        r1_0.[34myear[0m 
    [34mfrom[0m
        resources r1_0 
    [34mwhere[0m
        lower(r1_0.title)=lower(?) 
        [34mand[0m lower(r1_0.creator)=lower(?) 
        [34mand[0m r1_0.archived=[34mfalse[0m
[35m[Hibernate][0m 
    [34minsert[0m 
    [34minto[0m
        resources
        (archive_reason, archived, created_at, created_by, creator, illustration_url, modified_by, status, title, type, updated_at, [34myear[0m) 
    [34mvalues[0m
        (?, ?, ?, ?, ?, ?, ?, ?, ?, ?, ?, ?)
[35m[Hibernate][0m 
    [34mselect[0m
        r1_0.id,
        r1_0.archive_reason,
        r1_0.archived,
        r1_0.created_at,
        r1_0.created_by,
        r1_0.creator,
        r1_0.illustration_url,
        r1_0.modified_by,
        r1_0.status,
        r1_0.title,
        r1_0.type,
        r1_0.updated_at,
        r1_0.[34myear[0m 
    [34mfrom[0m
        resources r1_0 
    [34mwhere[0m
        lower(r1_0.title)=lower(?) 
        [34mand[0m lower(r1_0.creator)=lower(?) 
        [34mand[0m r1_0.archived=[34mfalse[0m
[35m[Hibernate][0m 
    [34minsert[0m 
    [34minto[0m
        resources
        (archive_reason, archived, created_at, created_by, creator, illustration_url, modified_by, status, title, type, updated_at, [34myear[0m) 
    [34mvalues[0m
        (?, ?, ?, ?, ?, ?, ?, ?, ?, ?, ?, ?)
[35m[Hibernate][0m 
    [34mselect[0m
        r1_0.id,
        r1_0.archive_reason,
        r1_0.archived,
        r1_0.created_at,
        r1_0.created_by,
        r1_0.creator,
        r1_0.illustration_url,
        r1_0.modified_by,
        r1_0.status,
        r1_0.title,
        r1_0.type,
        r1_0.updated_at,
        r1_0.[34myear[0m 
    [34mfrom[0m
        resources r1_0 
    [34mwhere[0m
        lower(r1_0.title)=lower(?) 
        [34mand[0m lower(r1_0.creator)=lower(?) 
        [34mand[0m r1_0.archived=[34mfalse[0m
[35m[Hibernate][0m 
    [34minsert[0m 
    [34minto[0m
        resources
        (archive_reason, archived, created_at, created_by, creator, illustration_url, modified_by, status, title, type, updated_at, [34myear[0m) 
    [34mvalues[0m
        (?, ?, ?, ?, ?, ?, ?, ?, ?, ?, ?, ?)
[35m[Hibernate][0m 
    [34mselect[0m
        r1_0.id,
        r1_0.archive_reason,
        r1_0.archived,
        r1_0.created_at,
        r1_0.created_by,
        r1_0.creator,
        r1_0.illustration_url,
        r1_0.modified_by,
        r1_0.status,
        r1_0.title,
        r1_0.type,
        r1_0.updated_at,
        r1_0.[34myear[0m 
    [34mfrom[0m
        resources r1_0 
    [34mwhere[0m
        lower(r1_0.title)=lower(?) 
        [34mand[0m lower(r1_0.creator)=lower(?) 
        [34mand[0m r1_0.archived=[34mfalse[0m
[35m[Hibernate][0m 
    [34minsert[0m 
    [34minto[0m
        resources
        (archive_reason, archived, created_at, created_by, creator, illustration_url, modified_by, status, title, type, updated_at, [34myear[0m) 
    [34mvalues[0m
        (?, ?, ?, ?, ?, ?, ?, ?, ?, ?, ?, ?)
[35m[Hibernate][0m 
    [34mselect[0m
        r1_0.id,
        r1_0.archive_reason,
        r1_0.archived,
        r1_0.created_at,
        r1_0.created_by,
        r1_0.creator,
        r1_0.illustration_url,
        r1_0.modified_by,
        r1_0.status,
        r1_0.title,
        r1_0.type,
        r1_0.updated_at,
        r1_0.[34myear[0m 
    [34mfrom[0m
        resources r1_0 
    [34mwhere[0m
        lower(r1_0.title)=lower(?) 
        [34mand[0m lower(r1_0.creator)=lower(?) 
        [34mand[0m r1_0.archived=[34mfalse[0m
[35m[Hibernate][0m 
    [34minsert[0m 
    [34minto[0m
        resources
        (archive_reason, archived, created_at, created_by, creator, illustration_url, modified_by, status, title, type, updated_at, [34myear[0m) 
    [34mvalues[0m
        (?, ?, ?, ?, ?, ?, ?, ?, ?, ?, ?, ?)
[35m[Hibernate][0m 
    [34mselect[0m
        r1_0.id,
        r1_0.archive_reason,
        r1_0.archived,
        r1_0.created_at,
        r1_0.created_by,
        r1_0.creator,
        r1_0.illustration_url,
        r1_0.modified_by,
        r1_0.status,
        r1_0.title,
        r1_0.type,
        r1_0.updated_at,
        r1_0.[34myear[0m 
    [34mfrom[0m
        resources r1_0 
    [34mwhere[0m
        lower(r1_0.title)=lower(?) 
        [34mand[0m lower(r1_0.creator)=lower(?) 
        [34mand[0m r1_0.archived=[34mfalse[0m
[35m[Hibernate][0m 
    [34minsert[0m 
    [34minto[0m
        resources
        (archive_reason, archived, created_at, created_by, creator, illustration_url, modified_by, status, title, type, updated_at, [34myear[0m) 
    [34mvalues[0m
        (?, ?, ?, ?, ?, ?, ?, ?, ?, ?, ?, ?)
[35m[Hibernate][0m 
    [34mselect[0m
        r1_0.id,
        r1_0.archive_reason,
        r1_0.archived,
        r1_0.created_at,
        r1_0.created_by,
        r1_0.creator,
        r1_0.illustration_url,
        r1_0.modified_by,
        r1_0.status,
        r1_0.title,
        r1_0.type,
        r1_0.updated_at,
        r1_0.[34myear[0m 
    [34mfrom[0m
        resources r1_0 
    [34mwhere[0m
        lower(r1_0.title)=lower(?) 
        [34mand[0m lower(r1_0.creator)=lower(?) 
        [34mand[0m r1_0.archived=[34mfalse[0m
[35m[Hibernate][0m 
    [34minsert[0m 
    [34minto[0m
        resources
        (archive_reason, archived, created_at, created_by, creator, illustration_url, modified_by, status, title, type, updated_at, [34myear[0m) 
    [34mvalues[0m
        (?, ?, ?, ?, ?, ?, ?, ?, ?, ?, ?, ?)
[38;5;145m2025-12-16 22:06:22,499[39m[38;5;188m [39m[38;5;107mINFO [39m[38;5;188m traceId=[39m[38;5;85m[39m[38;5;188m, spanId=[39m[38;5;85m[39m[38;5;188m [[39m[38;5;69mcom.akf.cat.int.goo.GoogleBooksSyncService[39m[38;5;188m] ([39m[38;5;71mQuarkus Main Thread[39m[38;5;188m) [39m[38;5;151m[39mSaved 19 new books for author [38;5;188mVictor Hugo[39m (1 duplicates skipped)[39m[38;5;203m[39m[38;5;227m
[39m[38;5;145m2025-12-16 22:06:22,499[39m[38;5;188m [39m[38;5;107mINFO [39m[38;5;188m traceId=[39m[38;5;85m[39m[38;5;188m, spanId=[39m[38;5;85m[39m[38;5;188m [[39m[38;5;69mcom.akf.cat.int.goo.GoogleBooksSyncService[39m[38;5;188m] ([39m[38;5;71mQuarkus Main Thread[39m[38;5;188m) [39m[38;5;151m[39mFetching books for author: [38;5;188mAli Koudri[39m[39m[38;5;203m[39m[38;5;227m
[39m[38;5;145m2025-12-16 22:06:22,881[39m[38;5;188m [39m[38;5;107mINFO [39m[38;5;188m traceId=[39m[38;5;85m[39m[38;5;188m, spanId=[39m[38;5;85m[39m[38;5;188m [[39m[38;5;69mcom.akf.cat.int.goo.GoogleBooksSyncService[39m[38;5;188m] ([39m[38;5;71mQuarkus Main Thread[39m[38;5;188m) [39m[38;5;151m[39mFound 20 books for author: [38;5;188mAli Koudri[39m[39m[38;5;203m[39m[38;5;227m
[39m[38;5;145m2025-12-16 22:06:22,882[39m[38;5;188m [39m[38;5;107mINFO [39m[38;5;188m traceId=[39m[38;5;85m[39m[38;5;188m, spanId=[39m[38;5;85m[39m[38;5;188m [[39m[38;5;69mcom.akf.cat.int.goo.GoogleBooksSyncService[39m[38;5;188m] ([39m[38;5;71mQuarkus Main Thread[39m[38;5;188m) [39m[38;5;151m[39mSuccessfully converted 20/20 books to resources[39m[38;5;203m[39m[38;5;227m
[39m[35m[Hibernate][0m 
    [34mselect[0m
        r1_0.id,
        r1_0.archive_reason,
        r1_0.archived,
        r1_0.created_at,
        r1_0.created_by,
        r1_0.creator,
        r1_0.illustration_url,
        r1_0.modified_by,
        r1_0.status,
        r1_0.title,
        r1_0.type,
        r1_0.updated_at,
        r1_0.[34myear[0m 
    [34mfrom[0m
        resources r1_0 
    [34mwhere[0m
        lower(r1_0.title)=lower(?) 
        [34mand[0m lower(r1_0.creator)=lower(?) 
        [34mand[0m r1_0.archived=[34mfalse[0m
[35m[Hibernate][0m 
    [34minsert[0m 
    [34minto[0m
        resources
        (archive_reason, archived, created_at, created_by, creator, illustration_url, modified_by, status, title, type, updated_at, [34myear[0m) 
    [34mvalues[0m
        (?, ?, ?, ?, ?, ?, ?, ?, ?, ?, ?, ?)
[35m[Hibernate][0m 
    [34mselect[0m
        r1_0.id,
        r1_0.archive_reason,
        r1_0.archived,
        r1_0.created_at,
        r1_0.created_by,
        r1_0.creator,
        r1_0.illustration_url,
        r1_0.modified_by,
        r1_0.status,
        r1_0.title,
        r1_0.type,
        r1_0.updated_at,
        r1_0.[34myear[0m 
    [34mfrom[0m
        resources r1_0 
    [34mwhere[0m
        lower(r1_0.title)=lower(?) 
        [34mand[0m lower(r1_0.creator)=lower(?) 
        [34mand[0m r1_0.archived=[34mfalse[0m
[35m[Hibernate][0m 
    [34minsert[0m 
    [34minto[0m
        resources
        (archive_reason, archived, created_at, created_by, creator, illustration_url, modified_by, status, title, type, updated_at, [34myear[0m) 
    [34mvalues[0m
        (?, ?, ?, ?, ?, ?, ?, ?, ?, ?, ?, ?)
[35m[Hibernate][0m 
    [34mselect[0m
        r1_0.id,
        r1_0.archive_reason,
        r1_0.archived,
        r1_0.created_at,
        r1_0.created_by,
        r1_0.creator,
        r1_0.illustration_url,
        r1_0.modified_by,
        r1_0.status,
        r1_0.title,
        r1_0.type,
        r1_0.updated_at,
        r1_0.[34myear[0m 
    [34mfrom[0m
        resources r1_0 
    [34mwhere[0m
        lower(r1_0.title)=lower(?) 
        [34mand[0m lower(r1_0.creator)=lower(?) 
        [34mand[0m r1_0.archived=[34mfalse[0m
[35m[Hibernate][0m 
    [34minsert[0m 
    [34minto[0m
        resources
        (archive_reason, archived, created_at, created_by, creator, illustration_url, modified_by, status, title, type, updated_at, [34myear[0m) 
    [34mvalues[0m
        (?, ?, ?, ?, ?, ?, ?, ?, ?, ?, ?, ?)
[35m[Hibernate][0m 
    [34mselect[0m
        r1_0.id,
        r1_0.archive_reason,
        r1_0.archived,
        r1_0.created_at,
        r1_0.created_by,
        r1_0.creator,
        r1_0.illustration_url,
        r1_0.modified_by,
        r1_0.status,
        r1_0.title,
        r1_0.type,
        r1_0.updated_at,
        r1_0.[34myear[0m 
    [34mfrom[0m
        resources r1_0 
    [34mwhere[0m
        lower(r1_0.title)=lower(?) 
        [34mand[0m lower(r1_0.creator)=lower(?) 
        [34mand[0m r1_0.archived=[34mfalse[0m
[35m[Hibernate][0m 
    [34minsert[0m 
    [34minto[0m
        resources
        (archive_reason, archived, created_at, created_by, creator, illustration_url, modified_by, status, title, type, updated_at, [34myear[0m) 
    [34mvalues[0m
        (?, ?, ?, ?, ?, ?, ?, ?, ?, ?, ?, ?)
[35m[Hibernate][0m 
    [34mselect[0m
        r1_0.id,
        r1_0.archive_reason,
        r1_0.archived,
        r1_0.created_at,
        r1_0.created_by,
        r1_0.creator,
        r1_0.illustration_url,
        r1_0.modified_by,
        r1_0.status,
        r1_0.title,
        r1_0.type,
        r1_0.updated_at,
        r1_0.[34myear[0m 
    [34mfrom[0m
        resources r1_0 
    [34mwhere[0m
        lower(r1_0.title)=lower(?) 
        [34mand[0m lower(r1_0.creator)=lower(?) 
        [34mand[0m r1_0.archived=[34mfalse[0m
[35m[Hibernate][0m 
    [34minsert[0m 
    [34minto[0m
        resources
        (archive_reason, archived, created_at, created_by, creator, illustration_url, modified_by, status, title, type, updated_at, [34myear[0m) 
    [34mvalues[0m
        (?, ?, ?, ?, ?, ?, ?, ?, ?, ?, ?, ?)
[35m[Hibernate][0m 
    [34mselect[0m
        r1_0.id,
        r1_0.archive_reason,
        r1_0.archived,
        r1_0.created_at,
        r1_0.created_by,
        r1_0.creator,
        r1_0.illustration_url,
        r1_0.modified_by,
        r1_0.status,
        r1_0.title,
        r1_0.type,
        r1_0.updated_at,
        r1_0.[34myear[0m 
    [34mfrom[0m
        resources r1_0 
    [34mwhere[0m
        lower(r1_0.title)=lower(?) 
        [34mand[0m lower(r1_0.creator)=lower(?) 
        [34mand[0m r1_0.archived=[34mfalse[0m
[35m[Hibernate][0m 
    [34minsert[0m 
    [34minto[0m
        resources
        (archive_reason, archived, created_at, created_by, creator, illustration_url, modified_by, status, title, type, updated_at, [34myear[0m) 
    [34mvalues[0m
        (?, ?, ?, ?, ?, ?, ?, ?, ?, ?, ?, ?)
[35m[Hibernate][0m 
    [34mselect[0m
        r1_0.id,
        r1_0.archive_reason,
        r1_0.archived,
        r1_0.created_at,
        r1_0.created_by,
        r1_0.creator,
        r1_0.illustration_url,
        r1_0.modified_by,
        r1_0.status,
        r1_0.title,
        r1_0.type,
        r1_0.updated_at,
        r1_0.[34myear[0m 
    [34mfrom[0m
        resources r1_0 
    [34mwhere[0m
        lower(r1_0.title)=lower(?) 
        [34mand[0m lower(r1_0.creator)=lower(?) 
        [34mand[0m r1_0.archived=[34mfalse[0m
[35m[Hibernate][0m 
    [34minsert[0m 
    [34minto[0m
        resources
        (archive_reason, archived, created_at, created_by, creator, illustration_url, modified_by, status, title, type, updated_at, [34myear[0m) 
    [34mvalues[0m
        (?, ?, ?, ?, ?, ?, ?, ?, ?, ?, ?, ?)
[35m[Hibernate][0m 
    [34mselect[0m
        r1_0.id,
        r1_0.archive_reason,
        r1_0.archived,
        r1_0.created_at,
        r1_0.created_by,
        r1_0.creator,
        r1_0.illustration_url,
        r1_0.modified_by,
        r1_0.status,
        r1_0.title,
        r1_0.type,
        r1_0.updated_at,
        r1_0.[34myear[0m 
    [34mfrom[0m
        resources r1_0 
    [34mwhere[0m
        lower(r1_0.title)=lower(?) 
        [34mand[0m lower(r1_0.creator)=lower(?) 
        [34mand[0m r1_0.archived=[34mfalse[0m
[35m[Hibernate][0m 
    [34minsert[0m 
    [34minto[0m
        resources
        (archive_reason, archived, created_at, created_by, creator, illustration_url, modified_by, status, title, type, updated_at, [34myear[0m) 
    [34mvalues[0m
        (?, ?, ?, ?, ?, ?, ?, ?, ?, ?, ?, ?)
[35m[Hibernate][0m 
    [34mselect[0m
        r1_0.id,
        r1_0.archive_reason,
        r1_0.archived,
        r1_0.created_at,
        r1_0.created_by,
        r1_0.creator,
        r1_0.illustration_url,
        r1_0.modified_by,
        r1_0.status,
        r1_0.title,
        r1_0.type,
        r1_0.updated_at,
        r1_0.[34myear[0m 
    [34mfrom[0m
        resources r1_0 
    [34mwhere[0m
        lower(r1_0.title)=lower(?) 
        [34mand[0m lower(r1_0.creator)=lower(?) 
        [34mand[0m r1_0.archived=[34mfalse[0m
[35m[Hibernate][0m 
    [34minsert[0m 
    [34minto[0m
        resources
        (archive_reason, archived, created_at, created_by, creator, illustration_url, modified_by, status, title, type, updated_at, [34myear[0m) 
    [34mvalues[0m
        (?, ?, ?, ?, ?, ?, ?, ?, ?, ?, ?, ?)
[35m[Hibernate][0m 
    [34mselect[0m
        r1_0.id,
        r1_0.archive_reason,
        r1_0.archived,
        r1_0.created_at,
        r1_0.created_by,
        r1_0.creator,
        r1_0.illustration_url,
        r1_0.modified_by,
        r1_0.status,
        r1_0.title,
        r1_0.type,
        r1_0.updated_at,
        r1_0.[34myear[0m 
    [34mfrom[0m
        resources r1_0 
    [34mwhere[0m
        lower(r1_0.title)=lower(?) 
        [34mand[0m lower(r1_0.creator)=lower(?) 
        [34mand[0m r1_0.archived=[34mfalse[0m
[35m[Hibernate][0m 
    [34minsert[0m 
    [34minto[0m
        resources
        (archive_reason, archived, created_at, created_by, creator, illustration_url, modified_by, status, title, type, updated_at, [34myear[0m) 
    [34mvalues[0m
        (?, ?, ?, ?, ?, ?, ?, ?, ?, ?, ?, ?)
[35m[Hibernate][0m 
    [34mselect[0m
        r1_0.id,
        r1_0.archive_reason,
        r1_0.archived,
        r1_0.created_at,
        r1_0.created_by,
        r1_0.creator,
        r1_0.illustration_url,
        r1_0.modified_by,
        r1_0.status,
        r1_0.title,
        r1_0.type,
        r1_0.updated_at,
        r1_0.[34myear[0m 
    [34mfrom[0m
        resources r1_0 
    [34mwhere[0m
        lower(r1_0.title)=lower(?) 
        [34mand[0m lower(r1_0.creator)=lower(?) 
        [34mand[0m r1_0.archived=[34mfalse[0m
[35m[Hibernate][0m 
    [34minsert[0m 
    [34minto[0m
        resources
        (archive_reason, archived, created_at, created_by, creator, illustration_url, modified_by, status, title, type, updated_at, [34myear[0m) 
    [34mvalues[0m
        (?, ?, ?, ?, ?, ?, ?, ?, ?, ?, ?, ?)
[35m[Hibernate][0m 
    [34mselect[0m
        r1_0.id,
        r1_0.archive_reason,
        r1_0.archived,
        r1_0.created_at,
        r1_0.created_by,
        r1_0.creator,
        r1_0.illustration_url,
        r1_0.modified_by,
        r1_0.status,
        r1_0.title,
        r1_0.type,
        r1_0.updated_at,
        r1_0.[34myear[0m 
    [34mfrom[0m
        resources r1_0 
    [34mwhere[0m
        lower(r1_0.title)=lower(?) 
        [34mand[0m lower(r1_0.creator)=lower(?) 
        [34mand[0m r1_0.archived=[34mfalse[0m
[35m[Hibernate][0m 
    [34minsert[0m 
    [34minto[0m
        resources
        (archive_reason, archived, created_at, created_by, creator, illustration_url, modified_by, status, title, type, updated_at, [34myear[0m) 
    [34mvalues[0m
        (?, ?, ?, ?, ?, ?, ?, ?, ?, ?, ?, ?)
[35m[Hibernate][0m 
    [34mselect[0m
        r1_0.id,
        r1_0.archive_reason,
        r1_0.archived,
        r1_0.created_at,
        r1_0.created_by,
        r1_0.creator,
        r1_0.illustration_url,
        r1_0.modified_by,
        r1_0.status,
        r1_0.title,
        r1_0.type,
        r1_0.updated_at,
        r1_0.[34myear[0m 
    [34mfrom[0m
        resources r1_0 
    [34mwhere[0m
        lower(r1_0.title)=lower(?) 
        [34mand[0m lower(r1_0.creator)=lower(?) 
        [34mand[0m r1_0.archived=[34mfalse[0m
[35m[Hibernate][0m 
    [34minsert[0m 
    [34minto[0m
        resources
        (archive_reason, archived, created_at, created_by, creator, illustration_url, modified_by, status, title, type, updated_at, [34myear[0m) 
    [34mvalues[0m
        (?, ?, ?, ?, ?, ?, ?, ?, ?, ?, ?, ?)
[35m[Hibernate][0m 
    [34mselect[0m
        r1_0.id,
        r1_0.archive_reason,
        r1_0.archived,
        r1_0.created_at,
        r1_0.created_by,
        r1_0.creator,
        r1_0.illustration_url,
        r1_0.modified_by,
        r1_0.status,
        r1_0.title,
        r1_0.type,
        r1_0.updated_at,
        r1_0.[34myear[0m 
    [34mfrom[0m
        resources r1_0 
    [34mwhere[0m
        lower(r1_0.title)=lower(?) 
        [34mand[0m lower(r1_0.creator)=lower(?) 
        [34mand[0m r1_0.archived=[34mfalse[0m
[35m[Hibernate][0m 
    [34mselect[0m
        r1_0.id,
        r1_0.archive_reason,
        r1_0.archived,
        r1_0.created_at,
        r1_0.created_by,
        r1_0.creator,
        r1_0.illustration_url,
        r1_0.modified_by,
        r1_0.status,
        r1_0.title,
        r1_0.type,
        r1_0.updated_at,
        r1_0.[34myear[0m 
    [34mfrom[0m
        resources r1_0 
    [34mwhere[0m
        lower(r1_0.title)=lower(?) 
        [34mand[0m lower(r1_0.creator)=lower(?) 
        [34mand[0m r1_0.archived=[34mfalse[0m
[35m[Hibernate][0m 
    [34minsert[0m 
    [34minto[0m
        resources
        (archive_reason, archived, created_at, created_by, creator, illustration_url, modified_by, status, title, type, updated_at, [34myear[0m) 
    [34mvalues[0m
        (?, ?, ?, ?, ?, ?, ?, ?, ?, ?, ?, ?)
[35m[Hibernate][0m 
    [34mselect[0m
        r1_0.id,
        r1_0.archive_reason,
        r1_0.archived,
        r1_0.created_at,
        r1_0.created_by,
        r1_0.creator,
        r1_0.illustration_url,
        r1_0.modified_by,
        r1_0.status,
        r1_0.title,
        r1_0.type,
        r1_0.updated_at,
        r1_0.[34myear[0m 
    [34mfrom[0m
        resources r1_0 
    [34mwhere[0m
        lower(r1_0.title)=lower(?) 
        [34mand[0m lower(r1_0.creator)=lower(?) 
        [34mand[0m r1_0.archived=[34mfalse[0m
[35m[Hibernate][0m 
    [34minsert[0m 
    [34minto[0m
        resources
        (archive_reason, archived, created_at, created_by, creator, illustration_url, modified_by, status, title, type, updated_at, [34myear[0m) 
    [34mvalues[0m
        (?, ?, ?, ?, ?, ?, ?, ?, ?, ?, ?, ?)
[35m[Hibernate][0m 
    [34mselect[0m
        r1_0.id,
        r1_0.archive_reason,
        r1_0.archived,
        r1_0.created_at,
        r1_0.created_by,
        r1_0.creator,
        r1_0.illustration_url,
        r1_0.modified_by,
        r1_0.status,
        r1_0.title,
        r1_0.type,
        r1_0.updated_at,
        r1_0.[34myear[0m 
    [34mfrom[0m
        resources r1_0 
    [34mwhere[0m
        lower(r1_0.title)=lower(?) 
        [34mand[0m lower(r1_0.creator)=lower(?) 
        [34mand[0m r1_0.archived=[34mfalse[0m
[35m[Hibernate][0m 
    [34minsert[0m 
    [34minto[0m
        resources
        (archive_reason, archived, created_at, created_by, creator, illustration_url, modified_by, status, title, type, updated_at, [34myear[0m) 
    [34mvalues[0m
        (?, ?, ?, ?, ?, ?, ?, ?, ?, ?, ?, ?)
[35m[Hibernate][0m 
    [34mselect[0m
        r1_0.id,
        r1_0.archive_reason,
        r1_0.archived,
        r1_0.created_at,
        r1_0.created_by,
        r1_0.creator,
        r1_0.illustration_url,
        r1_0.modified_by,
        r1_0.status,
        r1_0.title,
        r1_0.type,
        r1_0.updated_at,
        r1_0.[34myear[0m 
    [34mfrom[0m
        resources r1_0 
    [34mwhere[0m
        lower(r1_0.title)=lower(?) 
        [34mand[0m lower(r1_0.creator)=lower(?) 
        [34mand[0m r1_0.archived=[34mfalse[0m
[35m[Hibernate][0m 
    [34minsert[0m 
    [34minto[0m
        resources
        (archive_reason, archived, created_at, created_by, creator, illustration_url, modified_by, status, title, type, updated_at, [34myear[0m) 
    [34mvalues[0m
        (?, ?, ?, ?, ?, ?, ?, ?, ?, ?, ?, ?)
[35m[Hibernate][0m 
    [34mselect[0m
        r1_0.id,
        r1_0.archive_reason,
        r1_0.archived,
        r1_0.created_at,
        r1_0.created_by,
        r1_0.creator,
        r1_0.illustration_url,
        r1_0.modified_by,
        r1_0.status,
        r1_0.title,
        r1_0.type,
        r1_0.updated_at,
        r1_0.[34myear[0m 
    [34mfrom[0m
        resources r1_0 
    [34mwhere[0m
        lower(r1_0.title)=lower(?) 
        [34mand[0m lower(r1_0.creator)=lower(?) 
        [34mand[0m r1_0.archived=[34mfalse[0m
[35m[Hibernate][0m 
    [34minsert[0m 
    [34minto[0m
        resources
        (archive_reason, archived, created_at, created_by, creator, illustration_url, modified_by, status, title, type, updated_at, [34myear[0m) 
    [34mvalues[0m
        (?, ?, ?, ?, ?, ?, ?, ?, ?, ?, ?, ?)
[35m[Hibernate][0m 
    [34mselect[0m
        r1_0.id,
        r1_0.archive_reason,
        r1_0.archived,
        r1_0.created_at,
        r1_0.created_by,
        r1_0.creator,
        r1_0.illustration_url,
        r1_0.modified_by,
        r1_0.status,
        r1_0.title,
        r1_0.type,
        r1_0.updated_at,
        r1_0.[34myear[0m 
    [34mfrom[0m
        resources r1_0 
    [34mwhere[0m
        lower(r1_0.title)=lower(?) 
        [34mand[0m lower(r1_0.creator)=lower(?) 
        [34mand[0m r1_0.archived=[34mfalse[0m
[35m[Hibernate][0m 
    [34minsert[0m 
    [34minto[0m
        resources
        (archive_reason, archived, created_at, created_by, creator, illustration_url, modified_by, status, title, type, updated_at, [34myear[0m) 
    [34mvalues[0m
        (?, ?, ?, ?, ?, ?, ?, ?, ?, ?, ?, ?)
[38;5;145m2025-12-16 22:06:22,909[39m[38;5;188m [39m[38;5;107mINFO [39m[38;5;188m traceId=[39m[38;5;85m[39m[38;5;188m, spanId=[39m[38;5;85m[39m[38;5;188m [[39m[38;5;69mcom.akf.cat.int.goo.GoogleBooksSyncService[39m[38;5;188m] ([39m[38;5;71mQuarkus Main Thread[39m[38;5;188m) [39m[38;5;151m[39mSaved 19 new books for author [38;5;188mAli Koudri[39m (1 duplicates skipped)[39m[38;5;203m[39m[38;5;227m
[39m[38;5;145m2025-12-16 22:06:22,909[39m[38;5;188m [39m[38;5;107mINFO [39m[38;5;188m traceId=[39m[38;5;85m[39m[38;5;188m, spanId=[39m[38;5;85m[39m[38;5;188m [[39m[38;5;69mcom.akf.cat.int.goo.GoogleBooksSyncService[39m[38;5;188m] ([39m[38;5;71mQuarkus Main Thread[39m[38;5;188m) [39m[38;5;151m[39mSync summary: 60 books fetched, 58 saved, 2 duplicates skipped[39m[38;5;203m[39m[38;5;227m
[39m[35m[Hibernate][0m 
    [34minsert[0m 
    [34minto[0m
        resource_keywords
        (resource_id, keyword) 
    [34mvalues[0m
        (?, ?)
[35m[Hibernate][0m 
    [34minsert[0m 
    [34minto[0m
        resource_keywords
        (resource_id, keyword) 
    [34mvalues[0m
        (?, ?)
[35m[Hibernate][0m 
    [34minsert[0m 
    [34minto[0m
        resource_keywords
        (resource_id, keyword) 
    [34mvalues[0m
        (?, ?)
[35m[Hibernate][0m 
    [34minsert[0m 
    [34minto[0m
        resource_keywords
        (resource_id, keyword) 
    [34mvalues[0m
        (?, ?)
[35m[Hibernate][0m 
    [34minsert[0m 
    [34minto[0m
        resource_keywords
        (resource_id, keyword) 
    [34mvalues[0m
        (?, ?)
[35m[Hibernate][0m 
    [34minsert[0m 
    [34minto[0m
        resource_keywords
        (resource_id, keyword) 
    [34mvalues[0m
        (?, ?)
[35m[Hibernate][0m 
    [34minsert[0m 
    [34minto[0m
        resource_keywords
        (resource_id, keyword) 
    [34mvalues[0m
        (?, ?)
[35m[Hibernate][0m 
    [34minsert[0m 
    [34minto[0m
        resource_keywords
        (resource_id, keyword) 
    [34mvalues[0m
        (?, ?)
[35m[Hibernate][0m 
    [34minsert[0m 
    [34minto[0m
        resource_keywords
        (resource_id, keyword) 
    [34mvalues[0m
        (?, ?)
[35m[Hibernate][0m 
    [34minsert[0m 
    [34minto[0m
        resource_keywords
        (resource_id, keyword) 
    [34mvalues[0m
        (?, ?)
[35m[Hibernate][0m 
    [34minsert[0m 
    [34minto[0m
        resource_keywords
        (resource_id, keyword) 
    [34mvalues[0m
        (?, ?)
[35m[Hibernate][0m 
    [34minsert[0m 
    [34minto[0m
        resource_keywords
        (resource_id, keyword) 
    [34mvalues[0m
        (?, ?)
[35m[Hibernate][0m 
    [34minsert[0m 
    [34minto[0m
        resource_keywords
        (resource_id, keyword) 
    [34mvalues[0m
        (?, ?)
[35m[Hibernate][0m 
    [34minsert[0m 
    [34minto[0m
        resource_keywords
        (resource_id, keyword) 
    [34mvalues[0m
        (?, ?)
[35m[Hibernate][0m 
    [34minsert[0m 
    [34minto[0m
        resource_keywords
        (resource_id, keyword) 
    [34mvalues[0m
        (?, ?)
[35m[Hibernate][0m 
    [34minsert[0m 
    [34minto[0m
        resource_keywords
        (resource_id, keyword) 
    [34mvalues[0m
        (?, ?)
[35m[Hibernate][0m 
    [34minsert[0m 
    [34minto[0m
        resource_keywords
        (resource_id, keyword) 
    [34mvalues[0m
        (?, ?)
[35m[Hibernate][0m 
    [34minsert[0m 
    [34minto[0m
        resource_keywords
        (resource_id, keyword) 
    [34mvalues[0m
        (?, ?)
[35m[Hibernate][0m 
    [34minsert[0m 
    [34minto[0m
        resource_keywords
        (resource_id, keyword) 
    [34mvalues[0m
        (?, ?)
[35m[Hibernate][0m 
    [34minsert[0m 
    [34minto[0m
        resource_keywords
        (resource_id, keyword) 
    [34mvalues[0m
        (?, ?)
[35m[Hibernate][0m 
    [34minsert[0m 
    [34minto[0m
        resource_keywords
        (resource_id, keyword) 
    [34mvalues[0m
        (?, ?)
[35m[Hibernate][0m 
    [34minsert[0m 
    [34minto[0m
        resource_keywords
        (resource_id, keyword) 
    [34mvalues[0m
        (?, ?)
[35m[Hibernate][0m 
    [34minsert[0m 
    [34minto[0m
        resource_keywords
        (resource_id, keyword) 
    [34mvalues[0m
        (?, ?)
[35m[Hibernate][0m 
    [34minsert[0m 
    [34minto[0m
        resource_keywords
        (resource_id, keyword) 
    [34mvalues[0m
        (?, ?)
[35m[Hibernate][0m 
    [34minsert[0m 
    [34minto[0m
        resource_keywords
        (resource_id, keyword) 
    [34mvalues[0m
        (?, ?)
[35m[Hibernate][0m 
    [34minsert[0m 
    [34minto[0m
        resource_keywords
        (resource_id, keyword) 
    [34mvalues[0m
        (?, ?)
[35m[Hibernate][0m 
    [34minsert[0m 
    [34minto[0m
        resource_keywords
        (resource_id, keyword) 
    [34mvalues[0m
        (?, ?)
[35m[Hibernate][0m 
    [34minsert[0m 
    [34minto[0m
        resource_keywords
        (resource_id, keyword) 
    [34mvalues[0m
        (?, ?)
[35m[Hibernate][0m 
    [34minsert[0m 
    [34minto[0m
        resource_keywords
        (resource_id, keyword) 
    [34mvalues[0m
        (?, ?)
[35m[Hibernate][0m 
    [34minsert[0m 
    [34minto[0m
        resource_keywords
        (resource_id, keyword) 
    [34mvalues[0m
        (?, ?)
[35m[Hibernate][0m 
    [34minsert[0m 
    [34minto[0m
        resource_keywords
        (resource_id, keyword) 
    [34mvalues[0m
        (?, ?)
[38;5;145m2025-12-16 22:06:22,918[39m[38;5;188m [39m[38;5;107mINFO [39m[38;5;188m traceId=[39m[38;5;85m[39m[38;5;188m, spanId=[39m[38;5;85m[39m[38;5;188m [[39m[38;5;69mcom.akf.cat.int.goo.GoogleBooksSyncService[39m[38;5;188m] ([39m[38;5;71mQuarkus Main Thread[39m[38;5;188m) [39m[38;5;151m================================================================================[39m[38;5;203m[39m[38;5;227m
[39m[38;5;145m2025-12-16 22:06:22,919[39m[38;5;188m [39m[38;5;107mINFO [39m[38;5;188m traceId=[39m[38;5;85m[39m[38;5;188m, spanId=[39m[38;5;85m[39m[38;5;188m [[39m[38;5;69mcom.akf.cat.int.goo.GoogleBooksSyncService[39m[38;5;188m] ([39m[38;5;71mQuarkus Main Thread[39m[38;5;188m) [39m[38;5;151mGoogle Books synchronization completed[39m[38;5;203m[39m[38;5;227m
[39m[38;5;145m2025-12-16 22:06:22,919[39m[38;5;188m [39m[38;5;107mINFO [39m[38;5;188m traceId=[39m[38;5;85m[39m[38;5;188m, spanId=[39m[38;5;85m[39m[38;5;188m [[39m[38;5;69mcom.akf.cat.int.goo.GoogleBooksSyncService[39m[38;5;188m] ([39m[38;5;71mQuarkus Main Thread[39m[38;5;188m) [39m[38;5;151m================================================================================[39m[38;5;203m[39m[38;5;227m
[39m[38;5;145m2025-12-16 22:06:22,920[39m[38;5;188m [39m[38;5;107mINFO [39m[38;5;188m traceId=[39m[38;5;85m[39m[38;5;188m, spanId=[39m[38;5;85m[39m[38;5;188m [[39m[38;5;69mcom.akf.cat.inf.con.ConsulRegistrationService[39m[38;5;188m] ([39m[38;5;71mQuarkus Main Thread[39m[38;5;188m) [39m[38;5;151mConsul registration is disabled[39m[38;5;203m[39m[38;5;227m
[39m[38;5;145m2025-12-16 22:06:22,920[39m[38;5;188m [39m[38;5;107mINFO [39m[38;5;188m traceId=[39m[38;5;85m[39m[38;5;188m, spanId=[39m[38;5;85m[39m[38;5;188m [[39m[38;5;69mio.quarkus[39m[38;5;188m] ([39m[38;5;71mQuarkus Main Thread[39m[38;5;188m) [39m[38;5;151m[39m[38;5;188mcatalog-service 1.0.0-SNAPSHOT[39m [38;5;188mon JVM[39m (powered by Quarkus [38;5;188m3.28.4[39m) started in [38;5;188m2.956[39ms. [38;5;188mListening on: http://0.0.0.0:8081[39m[39m[38;5;203m[39m[38;5;227m
[39m[38;5;145m2025-12-16 22:06:22,920[39m[38;5;188m [39m[38;5;107mINFO [39m[38;5;188m traceId=[39m[38;5;85m[39m[38;5;188m, spanId=[39m[38;5;85m[39m[38;5;188m [[39m[38;5;69mio.quarkus[39m[38;5;188m] ([39m[38;5;71mQuarkus Main Thread[39m[38;5;188m) [39m[38;5;151m[39mProfile[38;5;188m[39m [38;5;188mdev[39m activated. [38;5;188mLive Coding activated.[39m[39m[38;5;203m[39m[38;5;227m
[39m[38;5;145m2025-12-16 22:06:22,920[39m[38;5;188m [39m[38;5;107mINFO [39m[38;5;188m traceId=[39m[38;5;85m[39m[38;5;188m, spanId=[39m[38;5;85m[39m[38;5;188m [[39m[38;5;69mio.quarkus[39m[38;5;188m] ([39m[38;5;71mQuarkus Main Thread[39m[38;5;188m) [39m[38;5;151m[39mInstalled features: [[38;5;188magroal, cache, cdi, compose, hibernate-orm, hibernate-orm-panache, hibernate-validator, jdbc-postgresql, kafka-client, messaging, messaging-kafka, micrometer, narayana-jta, oidc, opentelemetry, qute, redis-client, rest, rest-client, rest-client-jackson, rest-jackson, rest-qute, security, smallrye-context-propagation, smallrye-fault-tolerance, smallrye-health, smallrye-openapi, swagger-ui, vertx[39m][39m[38;5;203m[39m[38;5;227m
[39m[38;5;145m2025-12-16 22:06:22,920[39m[38;5;188m [39m[38;5;107mINFO [39m[38;5;188m traceId=[39m[38;5;85m6e8b1cbed25188d4add424057f5097ef[39m[38;5;188m, spanId=[39m[38;5;85m9ca16ef795715e6f[39m[38;5;188m [[39m[38;5;69mio.qua.dep.dev.RuntimeUpdatesProcessor[39m[38;5;188m] ([39m[38;5;71mvert.x-worker-thread-1[39m[38;5;188m) [39m[38;5;151m[39mLive reload total time: [38;5;188m3.366[39ms [39m[38;5;203m[39m[38;5;227m
[39m[38;5;145m2025-12-16 22:13:37,205[39m[38;5;188m [39m[38;5;107mINFO [39m[38;5;188m traceId=[39m[38;5;85m73dcf4ef14a6aab3ab7575178df3dfe4[39m[38;5;188m, spanId=[39m[38;5;85m3716dd835b64f15d[39m[38;5;188m [[39m[38;5;69mio.qua.dep.dev.RuntimeUpdatesProcessor[39m[38;5;188m] ([39m[38;5;71mvert.x-worker-thread-5[39m[38;5;188m) [39m[38;5;151m[39mRestarting quarkus due to changes in [38;5;188mGoogleBooksMapper.class, GoogleBooksResponse$ImageLinks.class, ResourceResponse.class, ConstraintViolationExceptionMapper.class, CatalogWebController$Templates.class, EnrichedResourceResponse$ReviewStatistics.class, ErrorResponse.class, ResourceAlreadyArchivedExceptionMapper.class, GoogleBooksResponse$VolumeInfo.class, UserDto.class, ResourceNotFoundException.class, ConsulServiceDiscovery.class, GoogleBooksResponse.class, ResourceBusinessExceptionMapper.class, CreateResourceRequest.class, ResourceResource.class, ResourceCreatedEvent.class, ResourceAlreadyArchivedException.class, GoogleBooksClient.class, ResourceService.class, Resource.class, EnrichedResourceResponse.class, UsersClient.class, ResourceRepository$PaginatedResult.class, ResourceEnrichmentService.class, ReviewDto.class, ConsulRegistrationService.class, ResourceBusinessException.class, CatalogWebController.class, ResourceType.class, ResourceValidationExceptionMapper.class, ResourceValidationException.class, GoogleBooksResponse$BookVolume.class, ReviewsClient.class, GoogleBooksSyncService.class, ConsulServiceDiscovery$ServiceInfo.class, ResourceStatus.class, GoogleBooksSyncService$SyncResult.class, ProblemResponse.class, ResourceRepository.class, GlobalExceptionMapper.class, ResourceNotFoundExceptionMapper.class, ConsulServiceDiscovery$ConsulHealthResponse.class, ResourceException.class, ConsulServiceDiscovery$ServiceInstance.class, ResourceEventPublisher.class, UpdateResourceRequest.class, GoogleBooksResponse$IndustryIdentifier.class[39m.[39m[38;5;203m[39m[38;5;227m
[39m[38;5;145m2025-12-16 22:13:37,212[39m[38;5;188m [39m[38;5;107mINFO [39m[38;5;188m traceId=[39m[38;5;85m[39m[38;5;188m, spanId=[39m[38;5;85m[39m[38;5;188m [[39m[38;5;69mio.quarkus[39m[38;5;188m] ([39m[38;5;71mQuarkus Main Thread[39m[38;5;188m) [39m[38;5;151m[39m[38;5;188mcatalog-service[39m[38;5;188m[39m stopped in [38;5;188m0.007[39ms[39m[38;5;203m[39m[38;5;227m
[39m[38;5;145m2025-12-16 22:13:37,451[39m[38;5;188m [39m[38;5;107mINFO [39m[38;5;188m traceId=[39m[38;5;85m[39m[38;5;188m, spanId=[39m[38;5;85m[39m[38;5;188m [[39m[38;5;69mio.qua.sma.dep.processor[39m[38;5;188m] ([39m[38;5;71mbuild-25[39m[38;5;188m) [39m[38;5;151m[39mGenerating Jackson serializer for type [38;5;188mcom.akfc.catalog.events.ResourceCreatedEvent[39m[39m[38;5;203m[39m[38;5;227m
[39m__  ____  __  _____   ___  __ ____  ______ 
 --/ __ \/ / / / _ | / _ \/ //_/ / / / __/ 
 -/ /_/ / /_/ / __ |/ , _/ ,< / /_/ /\ \   
--\___\_\____/_/ |_/_/|_/_/|_|\____/___/   
[38;5;145m2025-12-16 22:13:37,937[39m[38;5;188m [39m[38;5;137mWARN [39m[38;5;188m traceId=[39m[38;5;85m[39m[38;5;188m, spanId=[39m[38;5;85m[39m[38;5;188m [[39m[38;5;69mio.qua.config[39m[38;5;188m] ([39m[38;5;71mQuarkus Main Thread[39m[38;5;188m) [39m[38;5;151m[39mUnrecognized configuration key "[38;5;188mquarkus.stork.users-service.service-discovery.consul-host[39m" was provided; it will be ignored; verify that the dependency extension for this configuration is set or that you did not make a typo[39m[38;5;203m[39m[38;5;227m
[39m[38;5;145m2025-12-16 22:13:37,938[39m[38;5;188m [39m[38;5;137mWARN [39m[38;5;188m traceId=[39m[38;5;85m[39m[38;5;188m, spanId=[39m[38;5;85m[39m[38;5;188m [[39m[38;5;69mio.qua.config[39m[38;5;188m] ([39m[38;5;71mQuarkus Main Thread[39m[38;5;188m) [39m[38;5;151m[39mUnrecognized configuration key "[38;5;188mquarkus.stork.reviews-service.service-discovery.consul-port[39m" was provided; it will be ignored; verify that the dependency extension for this configuration is set or that you did not make a typo[39m[38;5;203m[39m[38;5;227m
[39m[38;5;145m2025-12-16 22:13:37,938[39m[38;5;188m [39m[38;5;137mWARN [39m[38;5;188m traceId=[39m[38;5;85m[39m[38;5;188m, spanId=[39m[38;5;85m[39m[38;5;188m [[39m[38;5;69mio.qua.config[39m[38;5;188m] ([39m[38;5;71mQuarkus Main Thread[39m[38;5;188m) [39m[38;5;151m[39mUnrecognized configuration key "[38;5;188mquarkus.stork.users-service.service-discovery.type[39m" was provided; it will be ignored; verify that the dependency extension for this configuration is set or that you did not make a typo[39m[38;5;203m[39m[38;5;227m
[39m[38;5;145m2025-12-16 22:13:37,938[39m[38;5;188m [39m[38;5;137mWARN [39m[38;5;188m traceId=[39m[38;5;85m[39m[38;5;188m, spanId=[39m[38;5;85m[39m[38;5;188m [[39m[38;5;69mio.qua.config[39m[38;5;188m] ([39m[38;5;71mQuarkus Main Thread[39m[38;5;188m) [39m[38;5;151m[39mUnrecognized configuration key "[38;5;188mquarkus.stork.reviews-service.service-discovery.consul-host[39m" was provided; it will be ignored; verify that the dependency extension for this configuration is set or that you did not make a typo[39m[38;5;203m[39m[38;5;227m
[39m[38;5;145m2025-12-16 22:13:37,938[39m[38;5;188m [39m[38;5;137mWARN [39m[38;5;188m traceId=[39m[38;5;85m[39m[38;5;188m, spanId=[39m[38;5;85m[39m[38;5;188m [[39m[38;5;69mio.qua.config[39m[38;5;188m] ([39m[38;5;71mQuarkus Main Thread[39m[38;5;188m) [39m[38;5;151m[39mUnrecognized configuration key "[38;5;188mquarkus.stork.users-service.service-discovery.consul-port[39m" was provided; it will be ignored; verify that the dependency extension for this configuration is set or that you did not make a typo[39m[38;5;203m[39m[38;5;227m
[39m[38;5;145m2025-12-16 22:13:37,938[39m[38;5;188m [39m[38;5;137mWARN [39m[38;5;188m traceId=[39m[38;5;85m[39m[38;5;188m, spanId=[39m[38;5;85m[39m[38;5;188m [[39m[38;5;69mio.qua.config[39m[38;5;188m] ([39m[38;5;71mQuarkus Main Thread[39m[38;5;188m) [39m[38;5;151m[39mUnrecognized configuration key "[38;5;188mquarkus.stork.reviews-service.service-discovery.type[39m" was provided; it will be ignored; verify that the dependency extension for this configuration is set or that you did not make a typo[39m[38;5;203m[39m[38;5;227m
[39m[38;5;145m2025-12-16 22:13:37,944[39m[38;5;188m [39m[38;5;137mWARN [39m[38;5;188m traceId=[39m[38;5;85m[39m[38;5;188m, spanId=[39m[38;5;85m[39m[38;5;188m [[39m[38;5;69mio.qua.config[39m[38;5;188m] ([39m[38;5;71mQuarkus Main Thread[39m[38;5;188m) [39m[38;5;151m[39mThe "[38;5;188mquarkus.hibernate-orm.database.generation[39m" config property is deprecated and should not be used anymore.[39m[38;5;203m[39m[38;5;227m
[39m[38;5;145m2025-12-16 22:13:37,968[39m[38;5;188m [39m[38;5;137mWARN [39m[38;5;188m traceId=[39m[38;5;85m[39m[38;5;188m, spanId=[39m[38;5;85m[39m[38;5;188m [[39m[38;5;69mio.qua.oid.run.TenantConfigContextImpl[39m[38;5;188m] ([39m[38;5;71mvert.x-eventloop-thread-0[39m[38;5;188m) [39m[38;5;151mSecret key for encrypting OIDC authorization code flow tokens in a session cookie is not configured, auto-generating it. Note that a new secret will be generated after a restart, thus making it impossible to decrypt the session cookie and requiring a user re-authentication. Use 'quarkus.oidc.token-state-manager.encryption-secret' to configure an encryption secret. Alternatively, disable session cookie encryption with 'quarkus.oidc.token-state-manager.encryption-required=false' but only if it is considered to be safe in your application's network.[39m[38;5;203m[39m[38;5;227m
[39m[35m[Hibernate][0m 
    [34mset[0m client_min_messages = WARNING
[35m[Hibernate][0m 
    [34malter[0m [34mtable[0m [34mif[0m [34mexists[0m resource_keywords 
       [34mdrop[0m [34mconstraint[0m [34mif[0m [34mexists[0m FK7agkg7q1sy11f04tl1hxw8ims
[35m[Hibernate][0m 
    [34mdrop[0m [34mtable[0m [34mif[0m [34mexists[0m resource_keywords [34mcascade[0m
[35m[Hibernate][0m 
    [34mdrop[0m [34mtable[0m [34mif[0m [34mexists[0m resources [34mcascade[0m
[35m[Hibernate][0m 
    [34mcreate[0m [34mtable[0m resource_keywords (
        resource_id [34mbigint[0m [34mnot[0m [34mnull[0m,
        keyword [34mvarchar[0m(100)
    )
[35m[Hibernate][0m 
    [34mcreate[0m [34mtable[0m resources (
        archived [34mboolean[0m [34mnot[0m [34mnull[0m,
        [34myear[0m [34minteger[0m [34mnot[0m [34mnull[0m [34mcheck[0m (([34myear[0m>=1000) [34mand[0m ([34myear[0m<=9999)),
        created_at [34mtimestamp[0m(6) [34mnot[0m [34mnull[0m,
        id [34mbigint[0m generated [34mby[0m [34mdefault[0m [34mas[0m [34midentity[0m,
        updated_at [34mtimestamp[0m(6) [34mnot[0m [34mnull[0m,
        status [34mvarchar[0m(20) [34mnot[0m [34mnull[0m [34mcheck[0m ((status [34min[0m ([36m'AVAILABLE'[0m,[36m'UNAVAILABLE'[0m,[36m'RESERVED'[0m))),
        type [34mvarchar[0m(20) [34mnot[0m [34mnull[0m [34mcheck[0m ((type [34min[0m ([36m'BOOK'[0m,[36m'MOVIE'[0m,[36m'MUSIC'[0m))),
        created_by [34mvarchar[0m(100),
        modified_by [34mvarchar[0m(100),
        archive_reason [34mvarchar[0m(500),
        illustration_url [34mvarchar[0m(500),
        creator [34mvarchar[0m(255) [34mnot[0m [34mnull[0m,
        title [34mvarchar[0m(255) [34mnot[0m [34mnull[0m,
        [34mprimary[0m [34mkey[0m (id)
    )
[35m[Hibernate][0m 
    [34mcreate[0m index idx_resource_title 
       [34mon[0m resources (title)
[35m[Hibernate][0m 
    [34mcreate[0m index idx_resource_type 
       [34mon[0m resources (type)
[35m[Hibernate][0m 
    [34mcreate[0m index idx_resource_year 
       [34mon[0m resources ([34myear[0m)
[35m[Hibernate][0m 
    [34mcreate[0m index idx_resource_status 
       [34mon[0m resources (status)
[35m[Hibernate][0m 
    [34mcreate[0m index idx_resource_archived 
       [34mon[0m resources (archived)
[35m[Hibernate][0m 
    [34malter[0m [34mtable[0m [34mif[0m [34mexists[0m resource_keywords 
       [34madd[0m [34mconstraint[0m FK7agkg7q1sy11f04tl1hxw8ims 
       [34mforeign[0m [34mkey[0m (resource_id) 
       [34mreferences[0m resources
[38;5;145m2025-12-16 22:13:38,077[39m[38;5;188m [39m[38;5;107mINFO [39m[38;5;188m traceId=[39m[38;5;85m[39m[38;5;188m, spanId=[39m[38;5;85m[39m[38;5;188m [[39m[38;5;69mio.qua.oid.run.dev.ui.OidcDevUiRecorder[39m[38;5;188m] ([39m[38;5;71mQuarkus Main Thread[39m[38;5;188m) [39m[38;5;151m[39mOIDC Dev Console: discovering the provider metadata at [38;5;188mhttp://localhost:8180/auth/realms/training/.well-known/openid-configuration[39m[39m[38;5;203m[39m[38;5;227m
[39m[38;5;145m2025-12-16 22:13:38,099[39m[38;5;188m [39m[38;5;107mINFO [39m[38;5;188m traceId=[39m[38;5;85m[39m[38;5;188m, spanId=[39m[38;5;85m[39m[38;5;188m [[39m[38;5;69mio.sma.rea.mes.kafka[39m[38;5;188m] ([39m[38;5;71msmallrye-kafka-producer-thread-2[39m[38;5;188m) [39m[38;5;151m[39mSRMSG18258: Kafka producer [38;5;188mkafka-producer-resource-events[39m, connected to Kafka brokers '[38;5;188mlocalhost:29092[39m', is configured to write records to '[38;5;188mlibrary-resources[39m'[39m[38;5;203m[39m[38;5;227m
[39m[38;5;145m2025-12-16 22:13:38,107[39m[38;5;188m [39m[38;5;107mINFO [39m[38;5;188m traceId=[39m[38;5;85m[39m[38;5;188m, spanId=[39m[38;5;85m[39m[38;5;188m [[39m[38;5;69mcom.akf.cat.int.goo.GoogleBooksSyncService[39m[38;5;188m] ([39m[38;5;71mQuarkus Main Thread[39m[38;5;188m) [39m[38;5;151m================================================================================[39m[38;5;203m[39m[38;5;227m
[39m[38;5;145m2025-12-16 22:13:38,108[39m[38;5;188m [39m[38;5;107mINFO [39m[38;5;188m traceId=[39m[38;5;85m[39m[38;5;188m, spanId=[39m[38;5;85m[39m[38;5;188m [[39m[38;5;69mcom.akf.cat.int.goo.GoogleBooksSyncService[39m[38;5;188m] ([39m[38;5;71mQuarkus Main Thread[39m[38;5;188m) [39m[38;5;151mStarting Google Books synchronization...[39m[38;5;203m[39m[38;5;227m
[39m[38;5;145m2025-12-16 22:13:38,108[39m[38;5;188m [39m[38;5;107mINFO [39m[38;5;188m traceId=[39m[38;5;85m[39m[38;5;188m, spanId=[39m[38;5;85m[39m[38;5;188m [[39m[38;5;69mcom.akf.cat.int.goo.GoogleBooksSyncService[39m[38;5;188m] ([39m[38;5;71mQuarkus Main Thread[39m[38;5;188m) [39m[38;5;151m================================================================================[39m[38;5;203m[39m[38;5;227m
[39m[38;5;145m2025-12-16 22:13:38,111[39m[38;5;188m [39m[38;5;107mINFO [39m[38;5;188m traceId=[39m[38;5;85m[39m[38;5;188m, spanId=[39m[38;5;85m[39m[38;5;188m [[39m[38;5;69mcom.akf.cat.int.goo.GoogleBooksSyncService[39m[38;5;188m] ([39m[38;5;71mQuarkus Main Thread[39m[38;5;188m) [39m[38;5;151m[39mSyncing books for 3 authors: [38;5;188mJules Verne, Victor Hugo, Ali Koudri[39m[39m[38;5;203m[39m[38;5;227m
[39m[38;5;145m2025-12-16 22:13:38,112[39m[38;5;188m [39m[38;5;107mINFO [39m[38;5;188m traceId=[39m[38;5;85m[39m[38;5;188m, spanId=[39m[38;5;85m[39m[38;5;188m [[39m[38;5;69mcom.akf.cat.int.goo.GoogleBooksSyncService[39m[38;5;188m] ([39m[38;5;71mQuarkus Main Thread[39m[38;5;188m) [39m[38;5;151m[39mFetching books for author: [38;5;188mJules Verne[39m[39m[38;5;203m[39m[38;5;227m
[39m[38;5;145m2025-12-16 22:13:39,081[39m[38;5;188m [39m[38;5;107mINFO [39m[38;5;188m traceId=[39m[38;5;85m[39m[38;5;188m, spanId=[39m[38;5;85m[39m[38;5;188m [[39m[38;5;69mcom.akf.cat.int.goo.GoogleBooksSyncService[39m[38;5;188m] ([39m[38;5;71mQuarkus Main Thread[39m[38;5;188m) [39m[38;5;151m[39mFound 20 books for author: [38;5;188mJules Verne[39m[39m[38;5;203m[39m[38;5;227m
[39m[38;5;145m2025-12-16 22:13:39,082[39m[38;5;188m [39m[38;5;107mINFO [39m[38;5;188m traceId=[39m[38;5;85m[39m[38;5;188m, spanId=[39m[38;5;85m[39m[38;5;188m [[39m[38;5;69mcom.akf.cat.int.goo.GoogleBooksSyncService[39m[38;5;188m] ([39m[38;5;71mQuarkus Main Thread[39m[38;5;188m) [39m[38;5;151m[39mSuccessfully converted 20/20 books to resources[39m[38;5;203m[39m[38;5;227m
[39m[35m[Hibernate][0m 
    [34mselect[0m
        r1_0.id,
        r1_0.archive_reason,
        r1_0.archived,
        r1_0.created_at,
        r1_0.created_by,
        r1_0.creator,
        r1_0.illustration_url,
        r1_0.modified_by,
        r1_0.status,
        r1_0.title,
        r1_0.type,
        r1_0.updated_at,
        r1_0.[34myear[0m 
    [34mfrom[0m
        resources r1_0 
    [34mwhere[0m
        lower(r1_0.title)=lower(?) 
        [34mand[0m lower(r1_0.creator)=lower(?) 
        [34mand[0m r1_0.archived=[34mfalse[0m
[35m[Hibernate][0m 
    [34minsert[0m 
    [34minto[0m
        resources
        (archive_reason, archived, created_at, created_by, creator, illustration_url, modified_by, status, title, type, updated_at, [34myear[0m) 
    [34mvalues[0m
        (?, ?, ?, ?, ?, ?, ?, ?, ?, ?, ?, ?)
[35m[Hibernate][0m 
    [34mselect[0m
        r1_0.id,
        r1_0.archive_reason,
        r1_0.archived,
        r1_0.created_at,
        r1_0.created_by,
        r1_0.creator,
        r1_0.illustration_url,
        r1_0.modified_by,
        r1_0.status,
        r1_0.title,
        r1_0.type,
        r1_0.updated_at,
        r1_0.[34myear[0m 
    [34mfrom[0m
        resources r1_0 
    [34mwhere[0m
        lower(r1_0.title)=lower(?) 
        [34mand[0m lower(r1_0.creator)=lower(?) 
        [34mand[0m r1_0.archived=[34mfalse[0m
[35m[Hibernate][0m 
    [34minsert[0m 
    [34minto[0m
        resources
        (archive_reason, archived, created_at, created_by, creator, illustration_url, modified_by, status, title, type, updated_at, [34myear[0m) 
    [34mvalues[0m
        (?, ?, ?, ?, ?, ?, ?, ?, ?, ?, ?, ?)
[35m[Hibernate][0m 
    [34mselect[0m
        r1_0.id,
        r1_0.archive_reason,
        r1_0.archived,
        r1_0.created_at,
        r1_0.created_by,
        r1_0.creator,
        r1_0.illustration_url,
        r1_0.modified_by,
        r1_0.status,
        r1_0.title,
        r1_0.type,
        r1_0.updated_at,
        r1_0.[34myear[0m 
    [34mfrom[0m
        resources r1_0 
    [34mwhere[0m
        lower(r1_0.title)=lower(?) 
        [34mand[0m lower(r1_0.creator)=lower(?) 
        [34mand[0m r1_0.archived=[34mfalse[0m
[35m[Hibernate][0m 
    [34minsert[0m 
    [34minto[0m
        resources
        (archive_reason, archived, created_at, created_by, creator, illustration_url, modified_by, status, title, type, updated_at, [34myear[0m) 
    [34mvalues[0m
        (?, ?, ?, ?, ?, ?, ?, ?, ?, ?, ?, ?)
[35m[Hibernate][0m 
    [34mselect[0m
        r1_0.id,
        r1_0.archive_reason,
        r1_0.archived,
        r1_0.created_at,
        r1_0.created_by,
        r1_0.creator,
        r1_0.illustration_url,
        r1_0.modified_by,
        r1_0.status,
        r1_0.title,
        r1_0.type,
        r1_0.updated_at,
        r1_0.[34myear[0m 
    [34mfrom[0m
        resources r1_0 
    [34mwhere[0m
        lower(r1_0.title)=lower(?) 
        [34mand[0m lower(r1_0.creator)=lower(?) 
        [34mand[0m r1_0.archived=[34mfalse[0m
[35m[Hibernate][0m 
    [34minsert[0m 
    [34minto[0m
        resources
        (archive_reason, archived, created_at, created_by, creator, illustration_url, modified_by, status, title, type, updated_at, [34myear[0m) 
    [34mvalues[0m
        (?, ?, ?, ?, ?, ?, ?, ?, ?, ?, ?, ?)
[35m[Hibernate][0m 
    [34mselect[0m
        r1_0.id,
        r1_0.archive_reason,
        r1_0.archived,
        r1_0.created_at,
        r1_0.created_by,
        r1_0.creator,
        r1_0.illustration_url,
        r1_0.modified_by,
        r1_0.status,
        r1_0.title,
        r1_0.type,
        r1_0.updated_at,
        r1_0.[34myear[0m 
    [34mfrom[0m
        resources r1_0 
    [34mwhere[0m
        lower(r1_0.title)=lower(?) 
        [34mand[0m lower(r1_0.creator)=lower(?) 
        [34mand[0m r1_0.archived=[34mfalse[0m
[35m[Hibernate][0m 
    [34minsert[0m 
    [34minto[0m
        resources
        (archive_reason, archived, created_at, created_by, creator, illustration_url, modified_by, status, title, type, updated_at, [34myear[0m) 
    [34mvalues[0m
        (?, ?, ?, ?, ?, ?, ?, ?, ?, ?, ?, ?)
[35m[Hibernate][0m 
    [34mselect[0m
        r1_0.id,
        r1_0.archive_reason,
        r1_0.archived,
        r1_0.created_at,
        r1_0.created_by,
        r1_0.creator,
        r1_0.illustration_url,
        r1_0.modified_by,
        r1_0.status,
        r1_0.title,
        r1_0.type,
        r1_0.updated_at,
        r1_0.[34myear[0m 
    [34mfrom[0m
        resources r1_0 
    [34mwhere[0m
        lower(r1_0.title)=lower(?) 
        [34mand[0m lower(r1_0.creator)=lower(?) 
        [34mand[0m r1_0.archived=[34mfalse[0m
[35m[Hibernate][0m 
    [34minsert[0m 
    [34minto[0m
        resources
        (archive_reason, archived, created_at, created_by, creator, illustration_url, modified_by, status, title, type, updated_at, [34myear[0m) 
    [34mvalues[0m
        (?, ?, ?, ?, ?, ?, ?, ?, ?, ?, ?, ?)
[35m[Hibernate][0m 
    [34mselect[0m
        r1_0.id,
        r1_0.archive_reason,
        r1_0.archived,
        r1_0.created_at,
        r1_0.created_by,
        r1_0.creator,
        r1_0.illustration_url,
        r1_0.modified_by,
        r1_0.status,
        r1_0.title,
        r1_0.type,
        r1_0.updated_at,
        r1_0.[34myear[0m 
    [34mfrom[0m
        resources r1_0 
    [34mwhere[0m
        lower(r1_0.title)=lower(?) 
        [34mand[0m lower(r1_0.creator)=lower(?) 
        [34mand[0m r1_0.archived=[34mfalse[0m
[35m[Hibernate][0m 
    [34minsert[0m 
    [34minto[0m
        resources
        (archive_reason, archived, created_at, created_by, creator, illustration_url, modified_by, status, title, type, updated_at, [34myear[0m) 
    [34mvalues[0m
        (?, ?, ?, ?, ?, ?, ?, ?, ?, ?, ?, ?)
[35m[Hibernate][0m 
    [34mselect[0m
        r1_0.id,
        r1_0.archive_reason,
        r1_0.archived,
        r1_0.created_at,
        r1_0.created_by,
        r1_0.creator,
        r1_0.illustration_url,
        r1_0.modified_by,
        r1_0.status,
        r1_0.title,
        r1_0.type,
        r1_0.updated_at,
        r1_0.[34myear[0m 
    [34mfrom[0m
        resources r1_0 
    [34mwhere[0m
        lower(r1_0.title)=lower(?) 
        [34mand[0m lower(r1_0.creator)=lower(?) 
        [34mand[0m r1_0.archived=[34mfalse[0m
[35m[Hibernate][0m 
    [34minsert[0m 
    [34minto[0m
        resources
        (archive_reason, archived, created_at, created_by, creator, illustration_url, modified_by, status, title, type, updated_at, [34myear[0m) 
    [34mvalues[0m
        (?, ?, ?, ?, ?, ?, ?, ?, ?, ?, ?, ?)
[35m[Hibernate][0m 
    [34mselect[0m
        r1_0.id,
        r1_0.archive_reason,
        r1_0.archived,
        r1_0.created_at,
        r1_0.created_by,
        r1_0.creator,
        r1_0.illustration_url,
        r1_0.modified_by,
        r1_0.status,
        r1_0.title,
        r1_0.type,
        r1_0.updated_at,
        r1_0.[34myear[0m 
    [34mfrom[0m
        resources r1_0 
    [34mwhere[0m
        lower(r1_0.title)=lower(?) 
        [34mand[0m lower(r1_0.creator)=lower(?) 
        [34mand[0m r1_0.archived=[34mfalse[0m
[35m[Hibernate][0m 
    [34minsert[0m 
    [34minto[0m
        resources
        (archive_reason, archived, created_at, created_by, creator, illustration_url, modified_by, status, title, type, updated_at, [34myear[0m) 
    [34mvalues[0m
        (?, ?, ?, ?, ?, ?, ?, ?, ?, ?, ?, ?)
[35m[Hibernate][0m 
    [34mselect[0m
        r1_0.id,
        r1_0.archive_reason,
        r1_0.archived,
        r1_0.created_at,
        r1_0.created_by,
        r1_0.creator,
        r1_0.illustration_url,
        r1_0.modified_by,
        r1_0.status,
        r1_0.title,
        r1_0.type,
        r1_0.updated_at,
        r1_0.[34myear[0m 
    [34mfrom[0m
        resources r1_0 
    [34mwhere[0m
        lower(r1_0.title)=lower(?) 
        [34mand[0m lower(r1_0.creator)=lower(?) 
        [34mand[0m r1_0.archived=[34mfalse[0m
[35m[Hibernate][0m 
    [34minsert[0m 
    [34minto[0m
        resources
        (archive_reason, archived, created_at, created_by, creator, illustration_url, modified_by, status, title, type, updated_at, [34myear[0m) 
    [34mvalues[0m
        (?, ?, ?, ?, ?, ?, ?, ?, ?, ?, ?, ?)
[35m[Hibernate][0m 
    [34mselect[0m
        r1_0.id,
        r1_0.archive_reason,
        r1_0.archived,
        r1_0.created_at,
        r1_0.created_by,
        r1_0.creator,
        r1_0.illustration_url,
        r1_0.modified_by,
        r1_0.status,
        r1_0.title,
        r1_0.type,
        r1_0.updated_at,
        r1_0.[34myear[0m 
    [34mfrom[0m
        resources r1_0 
    [34mwhere[0m
        lower(r1_0.title)=lower(?) 
        [34mand[0m lower(r1_0.creator)=lower(?) 
        [34mand[0m r1_0.archived=[34mfalse[0m
[35m[Hibernate][0m 
    [34minsert[0m 
    [34minto[0m
        resources
        (archive_reason, archived, created_at, created_by, creator, illustration_url, modified_by, status, title, type, updated_at, [34myear[0m) 
    [34mvalues[0m
        (?, ?, ?, ?, ?, ?, ?, ?, ?, ?, ?, ?)
[35m[Hibernate][0m 
    [34mselect[0m
        r1_0.id,
        r1_0.archive_reason,
        r1_0.archived,
        r1_0.created_at,
        r1_0.created_by,
        r1_0.creator,
        r1_0.illustration_url,
        r1_0.modified_by,
        r1_0.status,
        r1_0.title,
        r1_0.type,
        r1_0.updated_at,
        r1_0.[34myear[0m 
    [34mfrom[0m
        resources r1_0 
    [34mwhere[0m
        lower(r1_0.title)=lower(?) 
        [34mand[0m lower(r1_0.creator)=lower(?) 
        [34mand[0m r1_0.archived=[34mfalse[0m
[35m[Hibernate][0m 
    [34minsert[0m 
    [34minto[0m
        resources
        (archive_reason, archived, created_at, created_by, creator, illustration_url, modified_by, status, title, type, updated_at, [34myear[0m) 
    [34mvalues[0m
        (?, ?, ?, ?, ?, ?, ?, ?, ?, ?, ?, ?)
[35m[Hibernate][0m 
    [34mselect[0m
        r1_0.id,
        r1_0.archive_reason,
        r1_0.archived,
        r1_0.created_at,
        r1_0.created_by,
        r1_0.creator,
        r1_0.illustration_url,
        r1_0.modified_by,
        r1_0.status,
        r1_0.title,
        r1_0.type,
        r1_0.updated_at,
        r1_0.[34myear[0m 
    [34mfrom[0m
        resources r1_0 
    [34mwhere[0m
        lower(r1_0.title)=lower(?) 
        [34mand[0m lower(r1_0.creator)=lower(?) 
        [34mand[0m r1_0.archived=[34mfalse[0m
[35m[Hibernate][0m 
    [34minsert[0m 
    [34minto[0m
        resources
        (archive_reason, archived, created_at, created_by, creator, illustration_url, modified_by, status, title, type, updated_at, [34myear[0m) 
    [34mvalues[0m
        (?, ?, ?, ?, ?, ?, ?, ?, ?, ?, ?, ?)
[35m[Hibernate][0m 
    [34mselect[0m
        r1_0.id,
        r1_0.archive_reason,
        r1_0.archived,
        r1_0.created_at,
        r1_0.created_by,
        r1_0.creator,
        r1_0.illustration_url,
        r1_0.modified_by,
        r1_0.status,
        r1_0.title,
        r1_0.type,
        r1_0.updated_at,
        r1_0.[34myear[0m 
    [34mfrom[0m
        resources r1_0 
    [34mwhere[0m
        lower(r1_0.title)=lower(?) 
        [34mand[0m lower(r1_0.creator)=lower(?) 
        [34mand[0m r1_0.archived=[34mfalse[0m
[35m[Hibernate][0m 
    [34minsert[0m 
    [34minto[0m
        resources
        (archive_reason, archived, created_at, created_by, creator, illustration_url, modified_by, status, title, type, updated_at, [34myear[0m) 
    [34mvalues[0m
        (?, ?, ?, ?, ?, ?, ?, ?, ?, ?, ?, ?)
[35m[Hibernate][0m 
    [34mselect[0m
        r1_0.id,
        r1_0.archive_reason,
        r1_0.archived,
        r1_0.created_at,
        r1_0.created_by,
        r1_0.creator,
        r1_0.illustration_url,
        r1_0.modified_by,
        r1_0.status,
        r1_0.title,
        r1_0.type,
        r1_0.updated_at,
        r1_0.[34myear[0m 
    [34mfrom[0m
        resources r1_0 
    [34mwhere[0m
        lower(r1_0.title)=lower(?) 
        [34mand[0m lower(r1_0.creator)=lower(?) 
        [34mand[0m r1_0.archived=[34mfalse[0m
[35m[Hibernate][0m 
    [34minsert[0m 
    [34minto[0m
        resources
        (archive_reason, archived, created_at, created_by, creator, illustration_url, modified_by, status, title, type, updated_at, [34myear[0m) 
    [34mvalues[0m
        (?, ?, ?, ?, ?, ?, ?, ?, ?, ?, ?, ?)
[35m[Hibernate][0m 
    [34mselect[0m
        r1_0.id,
        r1_0.archive_reason,
        r1_0.archived,
        r1_0.created_at,
        r1_0.created_by,
        r1_0.creator,
        r1_0.illustration_url,
        r1_0.modified_by,
        r1_0.status,
        r1_0.title,
        r1_0.type,
        r1_0.updated_at,
        r1_0.[34myear[0m 
    [34mfrom[0m
        resources r1_0 
    [34mwhere[0m
        lower(r1_0.title)=lower(?) 
        [34mand[0m lower(r1_0.creator)=lower(?) 
        [34mand[0m r1_0.archived=[34mfalse[0m
[35m[Hibernate][0m 
    [34minsert[0m 
    [34minto[0m
        resources
        (archive_reason, archived, created_at, created_by, creator, illustration_url, modified_by, status, title, type, updated_at, [34myear[0m) 
    [34mvalues[0m
        (?, ?, ?, ?, ?, ?, ?, ?, ?, ?, ?, ?)
[35m[Hibernate][0m 
    [34mselect[0m
        r1_0.id,
        r1_0.archive_reason,
        r1_0.archived,
        r1_0.created_at,
        r1_0.created_by,
        r1_0.creator,
        r1_0.illustration_url,
        r1_0.modified_by,
        r1_0.status,
        r1_0.title,
        r1_0.type,
        r1_0.updated_at,
        r1_0.[34myear[0m 
    [34mfrom[0m
        resources r1_0 
    [34mwhere[0m
        lower(r1_0.title)=lower(?) 
        [34mand[0m lower(r1_0.creator)=lower(?) 
        [34mand[0m r1_0.archived=[34mfalse[0m
[35m[Hibernate][0m 
    [34minsert[0m 
    [34minto[0m
        resources
        (archive_reason, archived, created_at, created_by, creator, illustration_url, modified_by, status, title, type, updated_at, [34myear[0m) 
    [34mvalues[0m
        (?, ?, ?, ?, ?, ?, ?, ?, ?, ?, ?, ?)
[35m[Hibernate][0m 
    [34mselect[0m
        r1_0.id,
        r1_0.archive_reason,
        r1_0.archived,
        r1_0.created_at,
        r1_0.created_by,
        r1_0.creator,
        r1_0.illustration_url,
        r1_0.modified_by,
        r1_0.status,
        r1_0.title,
        r1_0.type,
        r1_0.updated_at,
        r1_0.[34myear[0m 
    [34mfrom[0m
        resources r1_0 
    [34mwhere[0m
        lower(r1_0.title)=lower(?) 
        [34mand[0m lower(r1_0.creator)=lower(?) 
        [34mand[0m r1_0.archived=[34mfalse[0m
[35m[Hibernate][0m 
    [34minsert[0m 
    [34minto[0m
        resources
        (archive_reason, archived, created_at, created_by, creator, illustration_url, modified_by, status, title, type, updated_at, [34myear[0m) 
    [34mvalues[0m
        (?, ?, ?, ?, ?, ?, ?, ?, ?, ?, ?, ?)
[35m[Hibernate][0m 
    [34mselect[0m
        r1_0.id,
        r1_0.archive_reason,
        r1_0.archived,
        r1_0.created_at,
        r1_0.created_by,
        r1_0.creator,
        r1_0.illustration_url,
        r1_0.modified_by,
        r1_0.status,
        r1_0.title,
        r1_0.type,
        r1_0.updated_at,
        r1_0.[34myear[0m 
    [34mfrom[0m
        resources r1_0 
    [34mwhere[0m
        lower(r1_0.title)=lower(?) 
        [34mand[0m lower(r1_0.creator)=lower(?) 
        [34mand[0m r1_0.archived=[34mfalse[0m
[35m[Hibernate][0m 
    [34minsert[0m 
    [34minto[0m
        resources
        (archive_reason, archived, created_at, created_by, creator, illustration_url, modified_by, status, title, type, updated_at, [34myear[0m) 
    [34mvalues[0m
        (?, ?, ?, ?, ?, ?, ?, ?, ?, ?, ?, ?)
[35m[Hibernate][0m 
    [34mselect[0m
        r1_0.id,
        r1_0.archive_reason,
        r1_0.archived,
        r1_0.created_at,
        r1_0.created_by,
        r1_0.creator,
        r1_0.illustration_url,
        r1_0.modified_by,
        r1_0.status,
        r1_0.title,
        r1_0.type,
        r1_0.updated_at,
        r1_0.[34myear[0m 
    [34mfrom[0m
        resources r1_0 
    [34mwhere[0m
        lower(r1_0.title)=lower(?) 
        [34mand[0m lower(r1_0.creator)=lower(?) 
        [34mand[0m r1_0.archived=[34mfalse[0m
[35m[Hibernate][0m 
    [34minsert[0m 
    [34minto[0m
        resources
        (archive_reason, archived, created_at, created_by, creator, illustration_url, modified_by, status, title, type, updated_at, [34myear[0m) 
    [34mvalues[0m
        (?, ?, ?, ?, ?, ?, ?, ?, ?, ?, ?, ?)
[38;5;145m2025-12-16 22:13:39,138[39m[38;5;188m [39m[38;5;107mINFO [39m[38;5;188m traceId=[39m[38;5;85m[39m[38;5;188m, spanId=[39m[38;5;85m[39m[38;5;188m [[39m[38;5;69mcom.akf.cat.int.goo.GoogleBooksSyncService[39m[38;5;188m] ([39m[38;5;71mQuarkus Main Thread[39m[38;5;188m) [39m[38;5;151m[39mSaved 20 new books for author [38;5;188mJules Verne[39m (0 duplicates skipped)[39m[38;5;203m[39m[38;5;227m
[39m[38;5;145m2025-12-16 22:13:39,138[39m[38;5;188m [39m[38;5;107mINFO [39m[38;5;188m traceId=[39m[38;5;85m[39m[38;5;188m, spanId=[39m[38;5;85m[39m[38;5;188m [[39m[38;5;69mcom.akf.cat.int.goo.GoogleBooksSyncService[39m[38;5;188m] ([39m[38;5;71mQuarkus Main Thread[39m[38;5;188m) [39m[38;5;151m[39mFetching books for author: [38;5;188mVictor Hugo[39m[39m[38;5;203m[39m[38;5;227m
[39m[38;5;145m2025-12-16 22:13:39,640[39m[38;5;188m [39m[38;5;107mINFO [39m[38;5;188m traceId=[39m[38;5;85m[39m[38;5;188m, spanId=[39m[38;5;85m[39m[38;5;188m [[39m[38;5;69mcom.akf.cat.int.goo.GoogleBooksSyncService[39m[38;5;188m] ([39m[38;5;71mQuarkus Main Thread[39m[38;5;188m) [39m[38;5;151m[39mFound 20 books for author: [38;5;188mVictor Hugo[39m[39m[38;5;203m[39m[38;5;227m
[39m[38;5;145m2025-12-16 22:13:39,641[39m[38;5;188m [39m[38;5;107mINFO [39m[38;5;188m traceId=[39m[38;5;85m[39m[38;5;188m, spanId=[39m[38;5;85m[39m[38;5;188m [[39m[38;5;69mcom.akf.cat.int.goo.GoogleBooksSyncService[39m[38;5;188m] ([39m[38;5;71mQuarkus Main Thread[39m[38;5;188m) [39m[38;5;151m[39mSuccessfully converted 20/20 books to resources[39m[38;5;203m[39m[38;5;227m
[39m[35m[Hibernate][0m 
    [34mselect[0m
        r1_0.id,
        r1_0.archive_reason,
        r1_0.archived,
        r1_0.created_at,
        r1_0.created_by,
        r1_0.creator,
        r1_0.illustration_url,
        r1_0.modified_by,
        r1_0.status,
        r1_0.title,
        r1_0.type,
        r1_0.updated_at,
        r1_0.[34myear[0m 
    [34mfrom[0m
        resources r1_0 
    [34mwhere[0m
        lower(r1_0.title)=lower(?) 
        [34mand[0m lower(r1_0.creator)=lower(?) 
        [34mand[0m r1_0.archived=[34mfalse[0m
[35m[Hibernate][0m 
    [34minsert[0m 
    [34minto[0m
        resources
        (archive_reason, archived, created_at, created_by, creator, illustration_url, modified_by, status, title, type, updated_at, [34myear[0m) 
    [34mvalues[0m
        (?, ?, ?, ?, ?, ?, ?, ?, ?, ?, ?, ?)
[35m[Hibernate][0m 
    [34mselect[0m
        r1_0.id,
        r1_0.archive_reason,
        r1_0.archived,
        r1_0.created_at,
        r1_0.created_by,
        r1_0.creator,
        r1_0.illustration_url,
        r1_0.modified_by,
        r1_0.status,
        r1_0.title,
        r1_0.type,
        r1_0.updated_at,
        r1_0.[34myear[0m 
    [34mfrom[0m
        resources r1_0 
    [34mwhere[0m
        lower(r1_0.title)=lower(?) 
        [34mand[0m lower(r1_0.creator)=lower(?) 
        [34mand[0m r1_0.archived=[34mfalse[0m
[35m[Hibernate][0m 
    [34minsert[0m 
    [34minto[0m
        resources
        (archive_reason, archived, created_at, created_by, creator, illustration_url, modified_by, status, title, type, updated_at, [34myear[0m) 
    [34mvalues[0m
        (?, ?, ?, ?, ?, ?, ?, ?, ?, ?, ?, ?)
[35m[Hibernate][0m 
    [34mselect[0m
        r1_0.id,
        r1_0.archive_reason,
        r1_0.archived,
        r1_0.created_at,
        r1_0.created_by,
        r1_0.creator,
        r1_0.illustration_url,
        r1_0.modified_by,
        r1_0.status,
        r1_0.title,
        r1_0.type,
        r1_0.updated_at,
        r1_0.[34myear[0m 
    [34mfrom[0m
        resources r1_0 
    [34mwhere[0m
        lower(r1_0.title)=lower(?) 
        [34mand[0m lower(r1_0.creator)=lower(?) 
        [34mand[0m r1_0.archived=[34mfalse[0m
[35m[Hibernate][0m 
    [34minsert[0m 
    [34minto[0m
        resources
        (archive_reason, archived, created_at, created_by, creator, illustration_url, modified_by, status, title, type, updated_at, [34myear[0m) 
    [34mvalues[0m
        (?, ?, ?, ?, ?, ?, ?, ?, ?, ?, ?, ?)
[35m[Hibernate][0m 
    [34mselect[0m
        r1_0.id,
        r1_0.archive_reason,
        r1_0.archived,
        r1_0.created_at,
        r1_0.created_by,
        r1_0.creator,
        r1_0.illustration_url,
        r1_0.modified_by,
        r1_0.status,
        r1_0.title,
        r1_0.type,
        r1_0.updated_at,
        r1_0.[34myear[0m 
    [34mfrom[0m
        resources r1_0 
    [34mwhere[0m
        lower(r1_0.title)=lower(?) 
        [34mand[0m lower(r1_0.creator)=lower(?) 
        [34mand[0m r1_0.archived=[34mfalse[0m
[35m[Hibernate][0m 
    [34minsert[0m 
    [34minto[0m
        resources
        (archive_reason, archived, created_at, created_by, creator, illustration_url, modified_by, status, title, type, updated_at, [34myear[0m) 
    [34mvalues[0m
        (?, ?, ?, ?, ?, ?, ?, ?, ?, ?, ?, ?)
[35m[Hibernate][0m 
    [34mselect[0m
        r1_0.id,
        r1_0.archive_reason,
        r1_0.archived,
        r1_0.created_at,
        r1_0.created_by,
        r1_0.creator,
        r1_0.illustration_url,
        r1_0.modified_by,
        r1_0.status,
        r1_0.title,
        r1_0.type,
        r1_0.updated_at,
        r1_0.[34myear[0m 
    [34mfrom[0m
        resources r1_0 
    [34mwhere[0m
        lower(r1_0.title)=lower(?) 
        [34mand[0m lower(r1_0.creator)=lower(?) 
        [34mand[0m r1_0.archived=[34mfalse[0m
[35m[Hibernate][0m 
    [34minsert[0m 
    [34minto[0m
        resources
        (archive_reason, archived, created_at, created_by, creator, illustration_url, modified_by, status, title, type, updated_at, [34myear[0m) 
    [34mvalues[0m
        (?, ?, ?, ?, ?, ?, ?, ?, ?, ?, ?, ?)
[35m[Hibernate][0m 
    [34mselect[0m
        r1_0.id,
        r1_0.archive_reason,
        r1_0.archived,
        r1_0.created_at,
        r1_0.created_by,
        r1_0.creator,
        r1_0.illustration_url,
        r1_0.modified_by,
        r1_0.status,
        r1_0.title,
        r1_0.type,
        r1_0.updated_at,
        r1_0.[34myear[0m 
    [34mfrom[0m
        resources r1_0 
    [34mwhere[0m
        lower(r1_0.title)=lower(?) 
        [34mand[0m lower(r1_0.creator)=lower(?) 
        [34mand[0m r1_0.archived=[34mfalse[0m
[35m[Hibernate][0m 
    [34minsert[0m 
    [34minto[0m
        resources
        (archive_reason, archived, created_at, created_by, creator, illustration_url, modified_by, status, title, type, updated_at, [34myear[0m) 
    [34mvalues[0m
        (?, ?, ?, ?, ?, ?, ?, ?, ?, ?, ?, ?)
[35m[Hibernate][0m 
    [34mselect[0m
        r1_0.id,
        r1_0.archive_reason,
        r1_0.archived,
        r1_0.created_at,
        r1_0.created_by,
        r1_0.creator,
        r1_0.illustration_url,
        r1_0.modified_by,
        r1_0.status,
        r1_0.title,
        r1_0.type,
        r1_0.updated_at,
        r1_0.[34myear[0m 
    [34mfrom[0m
        resources r1_0 
    [34mwhere[0m
        lower(r1_0.title)=lower(?) 
        [34mand[0m lower(r1_0.creator)=lower(?) 
        [34mand[0m r1_0.archived=[34mfalse[0m
[35m[Hibernate][0m 
    [34mselect[0m
        r1_0.id,
        r1_0.archive_reason,
        r1_0.archived,
        r1_0.created_at,
        r1_0.created_by,
        r1_0.creator,
        r1_0.illustration_url,
        r1_0.modified_by,
        r1_0.status,
        r1_0.title,
        r1_0.type,
        r1_0.updated_at,
        r1_0.[34myear[0m 
    [34mfrom[0m
        resources r1_0 
    [34mwhere[0m
        lower(r1_0.title)=lower(?) 
        [34mand[0m lower(r1_0.creator)=lower(?) 
        [34mand[0m r1_0.archived=[34mfalse[0m
[35m[Hibernate][0m 
    [34minsert[0m 
    [34minto[0m
        resources
        (archive_reason, archived, created_at, created_by, creator, illustration_url, modified_by, status, title, type, updated_at, [34myear[0m) 
    [34mvalues[0m
        (?, ?, ?, ?, ?, ?, ?, ?, ?, ?, ?, ?)
[35m[Hibernate][0m 
    [34mselect[0m
        r1_0.id,
        r1_0.archive_reason,
        r1_0.archived,
        r1_0.created_at,
        r1_0.created_by,
        r1_0.creator,
        r1_0.illustration_url,
        r1_0.modified_by,
        r1_0.status,
        r1_0.title,
        r1_0.type,
        r1_0.updated_at,
        r1_0.[34myear[0m 
    [34mfrom[0m
        resources r1_0 
    [34mwhere[0m
        lower(r1_0.title)=lower(?) 
        [34mand[0m lower(r1_0.creator)=lower(?) 
        [34mand[0m r1_0.archived=[34mfalse[0m
[35m[Hibernate][0m 
    [34minsert[0m 
    [34minto[0m
        resources
        (archive_reason, archived, created_at, created_by, creator, illustration_url, modified_by, status, title, type, updated_at, [34myear[0m) 
    [34mvalues[0m
        (?, ?, ?, ?, ?, ?, ?, ?, ?, ?, ?, ?)
[35m[Hibernate][0m 
    [34mselect[0m
        r1_0.id,
        r1_0.archive_reason,
        r1_0.archived,
        r1_0.created_at,
        r1_0.created_by,
        r1_0.creator,
        r1_0.illustration_url,
        r1_0.modified_by,
        r1_0.status,
        r1_0.title,
        r1_0.type,
        r1_0.updated_at,
        r1_0.[34myear[0m 
    [34mfrom[0m
        resources r1_0 
    [34mwhere[0m
        lower(r1_0.title)=lower(?) 
        [34mand[0m lower(r1_0.creator)=lower(?) 
        [34mand[0m r1_0.archived=[34mfalse[0m
[35m[Hibernate][0m 
    [34minsert[0m 
    [34minto[0m
        resources
        (archive_reason, archived, created_at, created_by, creator, illustration_url, modified_by, status, title, type, updated_at, [34myear[0m) 
    [34mvalues[0m
        (?, ?, ?, ?, ?, ?, ?, ?, ?, ?, ?, ?)
[35m[Hibernate][0m 
    [34mselect[0m
        r1_0.id,
        r1_0.archive_reason,
        r1_0.archived,
        r1_0.created_at,
        r1_0.created_by,
        r1_0.creator,
        r1_0.illustration_url,
        r1_0.modified_by,
        r1_0.status,
        r1_0.title,
        r1_0.type,
        r1_0.updated_at,
        r1_0.[34myear[0m 
    [34mfrom[0m
        resources r1_0 
    [34mwhere[0m
        lower(r1_0.title)=lower(?) 
        [34mand[0m lower(r1_0.creator)=lower(?) 
        [34mand[0m r1_0.archived=[34mfalse[0m
[35m[Hibernate][0m 
    [34minsert[0m 
    [34minto[0m
        resources
        (archive_reason, archived, created_at, created_by, creator, illustration_url, modified_by, status, title, type, updated_at, [34myear[0m) 
    [34mvalues[0m
        (?, ?, ?, ?, ?, ?, ?, ?, ?, ?, ?, ?)
[35m[Hibernate][0m 
    [34mselect[0m
        r1_0.id,
        r1_0.archive_reason,
        r1_0.archived,
        r1_0.created_at,
        r1_0.created_by,
        r1_0.creator,
        r1_0.illustration_url,
        r1_0.modified_by,
        r1_0.status,
        r1_0.title,
        r1_0.type,
        r1_0.updated_at,
        r1_0.[34myear[0m 
    [34mfrom[0m
        resources r1_0 
    [34mwhere[0m
        lower(r1_0.title)=lower(?) 
        [34mand[0m lower(r1_0.creator)=lower(?) 
        [34mand[0m r1_0.archived=[34mfalse[0m
[35m[Hibernate][0m 
    [34minsert[0m 
    [34minto[0m
        resources
        (archive_reason, archived, created_at, created_by, creator, illustration_url, modified_by, status, title, type, updated_at, [34myear[0m) 
    [34mvalues[0m
        (?, ?, ?, ?, ?, ?, ?, ?, ?, ?, ?, ?)
[35m[Hibernate][0m 
    [34mselect[0m
        r1_0.id,
        r1_0.archive_reason,
        r1_0.archived,
        r1_0.created_at,
        r1_0.created_by,
        r1_0.creator,
        r1_0.illustration_url,
        r1_0.modified_by,
        r1_0.status,
        r1_0.title,
        r1_0.type,
        r1_0.updated_at,
        r1_0.[34myear[0m 
    [34mfrom[0m
        resources r1_0 
    [34mwhere[0m
        lower(r1_0.title)=lower(?) 
        [34mand[0m lower(r1_0.creator)=lower(?) 
        [34mand[0m r1_0.archived=[34mfalse[0m
[35m[Hibernate][0m 
    [34minsert[0m 
    [34minto[0m
        resources
        (archive_reason, archived, created_at, created_by, creator, illustration_url, modified_by, status, title, type, updated_at, [34myear[0m) 
    [34mvalues[0m
        (?, ?, ?, ?, ?, ?, ?, ?, ?, ?, ?, ?)
[35m[Hibernate][0m 
    [34mselect[0m
        r1_0.id,
        r1_0.archive_reason,
        r1_0.archived,
        r1_0.created_at,
        r1_0.created_by,
        r1_0.creator,
        r1_0.illustration_url,
        r1_0.modified_by,
        r1_0.status,
        r1_0.title,
        r1_0.type,
        r1_0.updated_at,
        r1_0.[34myear[0m 
    [34mfrom[0m
        resources r1_0 
    [34mwhere[0m
        lower(r1_0.title)=lower(?) 
        [34mand[0m lower(r1_0.creator)=lower(?) 
        [34mand[0m r1_0.archived=[34mfalse[0m
[35m[Hibernate][0m 
    [34minsert[0m 
    [34minto[0m
        resources
        (archive_reason, archived, created_at, created_by, creator, illustration_url, modified_by, status, title, type, updated_at, [34myear[0m) 
    [34mvalues[0m
        (?, ?, ?, ?, ?, ?, ?, ?, ?, ?, ?, ?)
[35m[Hibernate][0m 
    [34mselect[0m
        r1_0.id,
        r1_0.archive_reason,
        r1_0.archived,
        r1_0.created_at,
        r1_0.created_by,
        r1_0.creator,
        r1_0.illustration_url,
        r1_0.modified_by,
        r1_0.status,
        r1_0.title,
        r1_0.type,
        r1_0.updated_at,
        r1_0.[34myear[0m 
    [34mfrom[0m
        resources r1_0 
    [34mwhere[0m
        lower(r1_0.title)=lower(?) 
        [34mand[0m lower(r1_0.creator)=lower(?) 
        [34mand[0m r1_0.archived=[34mfalse[0m
[35m[Hibernate][0m 
    [34minsert[0m 
    [34minto[0m
        resources
        (archive_reason, archived, created_at, created_by, creator, illustration_url, modified_by, status, title, type, updated_at, [34myear[0m) 
    [34mvalues[0m
        (?, ?, ?, ?, ?, ?, ?, ?, ?, ?, ?, ?)
[35m[Hibernate][0m 
    [34mselect[0m
        r1_0.id,
        r1_0.archive_reason,
        r1_0.archived,
        r1_0.created_at,
        r1_0.created_by,
        r1_0.creator,
        r1_0.illustration_url,
        r1_0.modified_by,
        r1_0.status,
        r1_0.title,
        r1_0.type,
        r1_0.updated_at,
        r1_0.[34myear[0m 
    [34mfrom[0m
        resources r1_0 
    [34mwhere[0m
        lower(r1_0.title)=lower(?) 
        [34mand[0m lower(r1_0.creator)=lower(?) 
        [34mand[0m r1_0.archived=[34mfalse[0m
[35m[Hibernate][0m 
    [34minsert[0m 
    [34minto[0m
        resources
        (archive_reason, archived, created_at, created_by, creator, illustration_url, modified_by, status, title, type, updated_at, [34myear[0m) 
    [34mvalues[0m
        (?, ?, ?, ?, ?, ?, ?, ?, ?, ?, ?, ?)
[35m[Hibernate][0m 
    [34mselect[0m
        r1_0.id,
        r1_0.archive_reason,
        r1_0.archived,
        r1_0.created_at,
        r1_0.created_by,
        r1_0.creator,
        r1_0.illustration_url,
        r1_0.modified_by,
        r1_0.status,
        r1_0.title,
        r1_0.type,
        r1_0.updated_at,
        r1_0.[34myear[0m 
    [34mfrom[0m
        resources r1_0 
    [34mwhere[0m
        lower(r1_0.title)=lower(?) 
        [34mand[0m lower(r1_0.creator)=lower(?) 
        [34mand[0m r1_0.archived=[34mfalse[0m
[35m[Hibernate][0m 
    [34minsert[0m 
    [34minto[0m
        resources
        (archive_reason, archived, created_at, created_by, creator, illustration_url, modified_by, status, title, type, updated_at, [34myear[0m) 
    [34mvalues[0m
        (?, ?, ?, ?, ?, ?, ?, ?, ?, ?, ?, ?)
[35m[Hibernate][0m 
    [34mselect[0m
        r1_0.id,
        r1_0.archive_reason,
        r1_0.archived,
        r1_0.created_at,
        r1_0.created_by,
        r1_0.creator,
        r1_0.illustration_url,
        r1_0.modified_by,
        r1_0.status,
        r1_0.title,
        r1_0.type,
        r1_0.updated_at,
        r1_0.[34myear[0m 
    [34mfrom[0m
        resources r1_0 
    [34mwhere[0m
        lower(r1_0.title)=lower(?) 
        [34mand[0m lower(r1_0.creator)=lower(?) 
        [34mand[0m r1_0.archived=[34mfalse[0m
[35m[Hibernate][0m 
    [34minsert[0m 
    [34minto[0m
        resources
        (archive_reason, archived, created_at, created_by, creator, illustration_url, modified_by, status, title, type, updated_at, [34myear[0m) 
    [34mvalues[0m
        (?, ?, ?, ?, ?, ?, ?, ?, ?, ?, ?, ?)
[35m[Hibernate][0m 
    [34mselect[0m
        r1_0.id,
        r1_0.archive_reason,
        r1_0.archived,
        r1_0.created_at,
        r1_0.created_by,
        r1_0.creator,
        r1_0.illustration_url,
        r1_0.modified_by,
        r1_0.status,
        r1_0.title,
        r1_0.type,
        r1_0.updated_at,
        r1_0.[34myear[0m 
    [34mfrom[0m
        resources r1_0 
    [34mwhere[0m
        lower(r1_0.title)=lower(?) 
        [34mand[0m lower(r1_0.creator)=lower(?) 
        [34mand[0m r1_0.archived=[34mfalse[0m
[35m[Hibernate][0m 
    [34minsert[0m 
    [34minto[0m
        resources
        (archive_reason, archived, created_at, created_by, creator, illustration_url, modified_by, status, title, type, updated_at, [34myear[0m) 
    [34mvalues[0m
        (?, ?, ?, ?, ?, ?, ?, ?, ?, ?, ?, ?)
[35m[Hibernate][0m 
    [34mselect[0m
        r1_0.id,
        r1_0.archive_reason,
        r1_0.archived,
        r1_0.created_at,
        r1_0.created_by,
        r1_0.creator,
        r1_0.illustration_url,
        r1_0.modified_by,
        r1_0.status,
        r1_0.title,
        r1_0.type,
        r1_0.updated_at,
        r1_0.[34myear[0m 
    [34mfrom[0m
        resources r1_0 
    [34mwhere[0m
        lower(r1_0.title)=lower(?) 
        [34mand[0m lower(r1_0.creator)=lower(?) 
        [34mand[0m r1_0.archived=[34mfalse[0m
[35m[Hibernate][0m 
    [34minsert[0m 
    [34minto[0m
        resources
        (archive_reason, archived, created_at, created_by, creator, illustration_url, modified_by, status, title, type, updated_at, [34myear[0m) 
    [34mvalues[0m
        (?, ?, ?, ?, ?, ?, ?, ?, ?, ?, ?, ?)
[38;5;145m2025-12-16 22:13:39,669[39m[38;5;188m [39m[38;5;107mINFO [39m[38;5;188m traceId=[39m[38;5;85m[39m[38;5;188m, spanId=[39m[38;5;85m[39m[38;5;188m [[39m[38;5;69mcom.akf.cat.int.goo.GoogleBooksSyncService[39m[38;5;188m] ([39m[38;5;71mQuarkus Main Thread[39m[38;5;188m) [39m[38;5;151m[39mSaved 19 new books for author [38;5;188mVictor Hugo[39m (1 duplicates skipped)[39m[38;5;203m[39m[38;5;227m
[39m[38;5;145m2025-12-16 22:13:39,669[39m[38;5;188m [39m[38;5;107mINFO [39m[38;5;188m traceId=[39m[38;5;85m[39m[38;5;188m, spanId=[39m[38;5;85m[39m[38;5;188m [[39m[38;5;69mcom.akf.cat.int.goo.GoogleBooksSyncService[39m[38;5;188m] ([39m[38;5;71mQuarkus Main Thread[39m[38;5;188m) [39m[38;5;151m[39mFetching books for author: [38;5;188mAli Koudri[39m[39m[38;5;203m[39m[38;5;227m
[39m[38;5;145m2025-12-16 22:13:40,096[39m[38;5;188m [39m[38;5;107mINFO [39m[38;5;188m traceId=[39m[38;5;85m[39m[38;5;188m, spanId=[39m[38;5;85m[39m[38;5;188m [[39m[38;5;69mcom.akf.cat.int.goo.GoogleBooksSyncService[39m[38;5;188m] ([39m[38;5;71mQuarkus Main Thread[39m[38;5;188m) [39m[38;5;151m[39mFound 20 books for author: [38;5;188mAli Koudri[39m[39m[38;5;203m[39m[38;5;227m
[39m[38;5;145m2025-12-16 22:13:40,097[39m[38;5;188m [39m[38;5;107mINFO [39m[38;5;188m traceId=[39m[38;5;85m[39m[38;5;188m, spanId=[39m[38;5;85m[39m[38;5;188m [[39m[38;5;69mcom.akf.cat.int.goo.GoogleBooksSyncService[39m[38;5;188m] ([39m[38;5;71mQuarkus Main Thread[39m[38;5;188m) [39m[38;5;151m[39mSuccessfully converted 20/20 books to resources[39m[38;5;203m[39m[38;5;227m
[39m[35m[Hibernate][0m 
    [34mselect[0m
        r1_0.id,
        r1_0.archive_reason,
        r1_0.archived,
        r1_0.created_at,
        r1_0.created_by,
        r1_0.creator,
        r1_0.illustration_url,
        r1_0.modified_by,
        r1_0.status,
        r1_0.title,
        r1_0.type,
        r1_0.updated_at,
        r1_0.[34myear[0m 
    [34mfrom[0m
        resources r1_0 
    [34mwhere[0m
        lower(r1_0.title)=lower(?) 
        [34mand[0m lower(r1_0.creator)=lower(?) 
        [34mand[0m r1_0.archived=[34mfalse[0m
[35m[Hibernate][0m 
    [34minsert[0m 
    [34minto[0m
        resources
        (archive_reason, archived, created_at, created_by, creator, illustration_url, modified_by, status, title, type, updated_at, [34myear[0m) 
    [34mvalues[0m
        (?, ?, ?, ?, ?, ?, ?, ?, ?, ?, ?, ?)
[35m[Hibernate][0m 
    [34mselect[0m
        r1_0.id,
        r1_0.archive_reason,
        r1_0.archived,
        r1_0.created_at,
        r1_0.created_by,
        r1_0.creator,
        r1_0.illustration_url,
        r1_0.modified_by,
        r1_0.status,
        r1_0.title,
        r1_0.type,
        r1_0.updated_at,
        r1_0.[34myear[0m 
    [34mfrom[0m
        resources r1_0 
    [34mwhere[0m
        lower(r1_0.title)=lower(?) 
        [34mand[0m lower(r1_0.creator)=lower(?) 
        [34mand[0m r1_0.archived=[34mfalse[0m
[35m[Hibernate][0m 
    [34minsert[0m 
    [34minto[0m
        resources
        (archive_reason, archived, created_at, created_by, creator, illustration_url, modified_by, status, title, type, updated_at, [34myear[0m) 
    [34mvalues[0m
        (?, ?, ?, ?, ?, ?, ?, ?, ?, ?, ?, ?)
[35m[Hibernate][0m 
    [34mselect[0m
        r1_0.id,
        r1_0.archive_reason,
        r1_0.archived,
        r1_0.created_at,
        r1_0.created_by,
        r1_0.creator,
        r1_0.illustration_url,
        r1_0.modified_by,
        r1_0.status,
        r1_0.title,
        r1_0.type,
        r1_0.updated_at,
        r1_0.[34myear[0m 
    [34mfrom[0m
        resources r1_0 
    [34mwhere[0m
        lower(r1_0.title)=lower(?) 
        [34mand[0m lower(r1_0.creator)=lower(?) 
        [34mand[0m r1_0.archived=[34mfalse[0m
[35m[Hibernate][0m 
    [34minsert[0m 
    [34minto[0m
        resources
        (archive_reason, archived, created_at, created_by, creator, illustration_url, modified_by, status, title, type, updated_at, [34myear[0m) 
    [34mvalues[0m
        (?, ?, ?, ?, ?, ?, ?, ?, ?, ?, ?, ?)
[35m[Hibernate][0m 
    [34mselect[0m
        r1_0.id,
        r1_0.archive_reason,
        r1_0.archived,
        r1_0.created_at,
        r1_0.created_by,
        r1_0.creator,
        r1_0.illustration_url,
        r1_0.modified_by,
        r1_0.status,
        r1_0.title,
        r1_0.type,
        r1_0.updated_at,
        r1_0.[34myear[0m 
    [34mfrom[0m
        resources r1_0 
    [34mwhere[0m
        lower(r1_0.title)=lower(?) 
        [34mand[0m lower(r1_0.creator)=lower(?) 
        [34mand[0m r1_0.archived=[34mfalse[0m
[35m[Hibernate][0m 
    [34minsert[0m 
    [34minto[0m
        resources
        (archive_reason, archived, created_at, created_by, creator, illustration_url, modified_by, status, title, type, updated_at, [34myear[0m) 
    [34mvalues[0m
        (?, ?, ?, ?, ?, ?, ?, ?, ?, ?, ?, ?)
[35m[Hibernate][0m 
    [34mselect[0m
        r1_0.id,
        r1_0.archive_reason,
        r1_0.archived,
        r1_0.created_at,
        r1_0.created_by,
        r1_0.creator,
        r1_0.illustration_url,
        r1_0.modified_by,
        r1_0.status,
        r1_0.title,
        r1_0.type,
        r1_0.updated_at,
        r1_0.[34myear[0m 
    [34mfrom[0m
        resources r1_0 
    [34mwhere[0m
        lower(r1_0.title)=lower(?) 
        [34mand[0m lower(r1_0.creator)=lower(?) 
        [34mand[0m r1_0.archived=[34mfalse[0m
[35m[Hibernate][0m 
    [34minsert[0m 
    [34minto[0m
        resources
        (archive_reason, archived, created_at, created_by, creator, illustration_url, modified_by, status, title, type, updated_at, [34myear[0m) 
    [34mvalues[0m
        (?, ?, ?, ?, ?, ?, ?, ?, ?, ?, ?, ?)
[35m[Hibernate][0m 
    [34mselect[0m
        r1_0.id,
        r1_0.archive_reason,
        r1_0.archived,
        r1_0.created_at,
        r1_0.created_by,
        r1_0.creator,
        r1_0.illustration_url,
        r1_0.modified_by,
        r1_0.status,
        r1_0.title,
        r1_0.type,
        r1_0.updated_at,
        r1_0.[34myear[0m 
    [34mfrom[0m
        resources r1_0 
    [34mwhere[0m
        lower(r1_0.title)=lower(?) 
        [34mand[0m lower(r1_0.creator)=lower(?) 
        [34mand[0m r1_0.archived=[34mfalse[0m
[35m[Hibernate][0m 
    [34minsert[0m 
    [34minto[0m
        resources
        (archive_reason, archived, created_at, created_by, creator, illustration_url, modified_by, status, title, type, updated_at, [34myear[0m) 
    [34mvalues[0m
        (?, ?, ?, ?, ?, ?, ?, ?, ?, ?, ?, ?)
[35m[Hibernate][0m 
    [34mselect[0m
        r1_0.id,
        r1_0.archive_reason,
        r1_0.archived,
        r1_0.created_at,
        r1_0.created_by,
        r1_0.creator,
        r1_0.illustration_url,
        r1_0.modified_by,
        r1_0.status,
        r1_0.title,
        r1_0.type,
        r1_0.updated_at,
        r1_0.[34myear[0m 
    [34mfrom[0m
        resources r1_0 
    [34mwhere[0m
        lower(r1_0.title)=lower(?) 
        [34mand[0m lower(r1_0.creator)=lower(?) 
        [34mand[0m r1_0.archived=[34mfalse[0m
[35m[Hibernate][0m 
    [34minsert[0m 
    [34minto[0m
        resources
        (archive_reason, archived, created_at, created_by, creator, illustration_url, modified_by, status, title, type, updated_at, [34myear[0m) 
    [34mvalues[0m
        (?, ?, ?, ?, ?, ?, ?, ?, ?, ?, ?, ?)
[35m[Hibernate][0m 
    [34mselect[0m
        r1_0.id,
        r1_0.archive_reason,
        r1_0.archived,
        r1_0.created_at,
        r1_0.created_by,
        r1_0.creator,
        r1_0.illustration_url,
        r1_0.modified_by,
        r1_0.status,
        r1_0.title,
        r1_0.type,
        r1_0.updated_at,
        r1_0.[34myear[0m 
    [34mfrom[0m
        resources r1_0 
    [34mwhere[0m
        lower(r1_0.title)=lower(?) 
        [34mand[0m lower(r1_0.creator)=lower(?) 
        [34mand[0m r1_0.archived=[34mfalse[0m
[35m[Hibernate][0m 
    [34minsert[0m 
    [34minto[0m
        resources
        (archive_reason, archived, created_at, created_by, creator, illustration_url, modified_by, status, title, type, updated_at, [34myear[0m) 
    [34mvalues[0m
        (?, ?, ?, ?, ?, ?, ?, ?, ?, ?, ?, ?)
[35m[Hibernate][0m 
    [34mselect[0m
        r1_0.id,
        r1_0.archive_reason,
        r1_0.archived,
        r1_0.created_at,
        r1_0.created_by,
        r1_0.creator,
        r1_0.illustration_url,
        r1_0.modified_by,
        r1_0.status,
        r1_0.title,
        r1_0.type,
        r1_0.updated_at,
        r1_0.[34myear[0m 
    [34mfrom[0m
        resources r1_0 
    [34mwhere[0m
        lower(r1_0.title)=lower(?) 
        [34mand[0m lower(r1_0.creator)=lower(?) 
        [34mand[0m r1_0.archived=[34mfalse[0m
[35m[Hibernate][0m 
    [34minsert[0m 
    [34minto[0m
        resources
        (archive_reason, archived, created_at, created_by, creator, illustration_url, modified_by, status, title, type, updated_at, [34myear[0m) 
    [34mvalues[0m
        (?, ?, ?, ?, ?, ?, ?, ?, ?, ?, ?, ?)
[35m[Hibernate][0m 
    [34mselect[0m
        r1_0.id,
        r1_0.archive_reason,
        r1_0.archived,
        r1_0.created_at,
        r1_0.created_by,
        r1_0.creator,
        r1_0.illustration_url,
        r1_0.modified_by,
        r1_0.status,
        r1_0.title,
        r1_0.type,
        r1_0.updated_at,
        r1_0.[34myear[0m 
    [34mfrom[0m
        resources r1_0 
    [34mwhere[0m
        lower(r1_0.title)=lower(?) 
        [34mand[0m lower(r1_0.creator)=lower(?) 
        [34mand[0m r1_0.archived=[34mfalse[0m
[35m[Hibernate][0m 
    [34minsert[0m 
    [34minto[0m
        resources
        (archive_reason, archived, created_at, created_by, creator, illustration_url, modified_by, status, title, type, updated_at, [34myear[0m) 
    [34mvalues[0m
        (?, ?, ?, ?, ?, ?, ?, ?, ?, ?, ?, ?)
[35m[Hibernate][0m 
    [34mselect[0m
        r1_0.id,
        r1_0.archive_reason,
        r1_0.archived,
        r1_0.created_at,
        r1_0.created_by,
        r1_0.creator,
        r1_0.illustration_url,
        r1_0.modified_by,
        r1_0.status,
        r1_0.title,
        r1_0.type,
        r1_0.updated_at,
        r1_0.[34myear[0m 
    [34mfrom[0m
        resources r1_0 
    [34mwhere[0m
        lower(r1_0.title)=lower(?) 
        [34mand[0m lower(r1_0.creator)=lower(?) 
        [34mand[0m r1_0.archived=[34mfalse[0m
[35m[Hibernate][0m 
    [34minsert[0m 
    [34minto[0m
        resources
        (archive_reason, archived, created_at, created_by, creator, illustration_url, modified_by, status, title, type, updated_at, [34myear[0m) 
    [34mvalues[0m
        (?, ?, ?, ?, ?, ?, ?, ?, ?, ?, ?, ?)
[35m[Hibernate][0m 
    [34mselect[0m
        r1_0.id,
        r1_0.archive_reason,
        r1_0.archived,
        r1_0.created_at,
        r1_0.created_by,
        r1_0.creator,
        r1_0.illustration_url,
        r1_0.modified_by,
        r1_0.status,
        r1_0.title,
        r1_0.type,
        r1_0.updated_at,
        r1_0.[34myear[0m 
    [34mfrom[0m
        resources r1_0 
    [34mwhere[0m
        lower(r1_0.title)=lower(?) 
        [34mand[0m lower(r1_0.creator)=lower(?) 
        [34mand[0m r1_0.archived=[34mfalse[0m
[35m[Hibernate][0m 
    [34minsert[0m 
    [34minto[0m
        resources
        (archive_reason, archived, created_at, created_by, creator, illustration_url, modified_by, status, title, type, updated_at, [34myear[0m) 
    [34mvalues[0m
        (?, ?, ?, ?, ?, ?, ?, ?, ?, ?, ?, ?)
[35m[Hibernate][0m 
    [34mselect[0m
        r1_0.id,
        r1_0.archive_reason,
        r1_0.archived,
        r1_0.created_at,
        r1_0.created_by,
        r1_0.creator,
        r1_0.illustration_url,
        r1_0.modified_by,
        r1_0.status,
        r1_0.title,
        r1_0.type,
        r1_0.updated_at,
        r1_0.[34myear[0m 
    [34mfrom[0m
        resources r1_0 
    [34mwhere[0m
        lower(r1_0.title)=lower(?) 
        [34mand[0m lower(r1_0.creator)=lower(?) 
        [34mand[0m r1_0.archived=[34mfalse[0m
[35m[Hibernate][0m 
    [34minsert[0m 
    [34minto[0m
        resources
        (archive_reason, archived, created_at, created_by, creator, illustration_url, modified_by, status, title, type, updated_at, [34myear[0m) 
    [34mvalues[0m
        (?, ?, ?, ?, ?, ?, ?, ?, ?, ?, ?, ?)
[35m[Hibernate][0m 
    [34mselect[0m
        r1_0.id,
        r1_0.archive_reason,
        r1_0.archived,
        r1_0.created_at,
        r1_0.created_by,
        r1_0.creator,
        r1_0.illustration_url,
        r1_0.modified_by,
        r1_0.status,
        r1_0.title,
        r1_0.type,
        r1_0.updated_at,
        r1_0.[34myear[0m 
    [34mfrom[0m
        resources r1_0 
    [34mwhere[0m
        lower(r1_0.title)=lower(?) 
        [34mand[0m lower(r1_0.creator)=lower(?) 
        [34mand[0m r1_0.archived=[34mfalse[0m
[35m[Hibernate][0m 
    [34mselect[0m
        r1_0.id,
        r1_0.archive_reason,
        r1_0.archived,
        r1_0.created_at,
        r1_0.created_by,
        r1_0.creator,
        r1_0.illustration_url,
        r1_0.modified_by,
        r1_0.status,
        r1_0.title,
        r1_0.type,
        r1_0.updated_at,
        r1_0.[34myear[0m 
    [34mfrom[0m
        resources r1_0 
    [34mwhere[0m
        lower(r1_0.title)=lower(?) 
        [34mand[0m lower(r1_0.creator)=lower(?) 
        [34mand[0m r1_0.archived=[34mfalse[0m
[35m[Hibernate][0m 
    [34minsert[0m 
    [34minto[0m
        resources
        (archive_reason, archived, created_at, created_by, creator, illustration_url, modified_by, status, title, type, updated_at, [34myear[0m) 
    [34mvalues[0m
        (?, ?, ?, ?, ?, ?, ?, ?, ?, ?, ?, ?)
[35m[Hibernate][0m 
    [34mselect[0m
        r1_0.id,
        r1_0.archive_reason,
        r1_0.archived,
        r1_0.created_at,
        r1_0.created_by,
        r1_0.creator,
        r1_0.illustration_url,
        r1_0.modified_by,
        r1_0.status,
        r1_0.title,
        r1_0.type,
        r1_0.updated_at,
        r1_0.[34myear[0m 
    [34mfrom[0m
        resources r1_0 
    [34mwhere[0m
        lower(r1_0.title)=lower(?) 
        [34mand[0m lower(r1_0.creator)=lower(?) 
        [34mand[0m r1_0.archived=[34mfalse[0m
[35m[Hibernate][0m 
    [34minsert[0m 
    [34minto[0m
        resources
        (archive_reason, archived, created_at, created_by, creator, illustration_url, modified_by, status, title, type, updated_at, [34myear[0m) 
    [34mvalues[0m
        (?, ?, ?, ?, ?, ?, ?, ?, ?, ?, ?, ?)
[35m[Hibernate][0m 
    [34mselect[0m
        r1_0.id,
        r1_0.archive_reason,
        r1_0.archived,
        r1_0.created_at,
        r1_0.created_by,
        r1_0.creator,
        r1_0.illustration_url,
        r1_0.modified_by,
        r1_0.status,
        r1_0.title,
        r1_0.type,
        r1_0.updated_at,
        r1_0.[34myear[0m 
    [34mfrom[0m
        resources r1_0 
    [34mwhere[0m
        lower(r1_0.title)=lower(?) 
        [34mand[0m lower(r1_0.creator)=lower(?) 
        [34mand[0m r1_0.archived=[34mfalse[0m
[35m[Hibernate][0m 
    [34minsert[0m 
    [34minto[0m
        resources
        (archive_reason, archived, created_at, created_by, creator, illustration_url, modified_by, status, title, type, updated_at, [34myear[0m) 
    [34mvalues[0m
        (?, ?, ?, ?, ?, ?, ?, ?, ?, ?, ?, ?)
[35m[Hibernate][0m 
    [34mselect[0m
        r1_0.id,
        r1_0.archive_reason,
        r1_0.archived,
        r1_0.created_at,
        r1_0.created_by,
        r1_0.creator,
        r1_0.illustration_url,
        r1_0.modified_by,
        r1_0.status,
        r1_0.title,
        r1_0.type,
        r1_0.updated_at,
        r1_0.[34myear[0m 
    [34mfrom[0m
        resources r1_0 
    [34mwhere[0m
        lower(r1_0.title)=lower(?) 
        [34mand[0m lower(r1_0.creator)=lower(?) 
        [34mand[0m r1_0.archived=[34mfalse[0m
[35m[Hibernate][0m 
    [34minsert[0m 
    [34minto[0m
        resources
        (archive_reason, archived, created_at, created_by, creator, illustration_url, modified_by, status, title, type, updated_at, [34myear[0m) 
    [34mvalues[0m
        (?, ?, ?, ?, ?, ?, ?, ?, ?, ?, ?, ?)
[35m[Hibernate][0m 
    [34mselect[0m
        r1_0.id,
        r1_0.archive_reason,
        r1_0.archived,
        r1_0.created_at,
        r1_0.created_by,
        r1_0.creator,
        r1_0.illustration_url,
        r1_0.modified_by,
        r1_0.status,
        r1_0.title,
        r1_0.type,
        r1_0.updated_at,
        r1_0.[34myear[0m 
    [34mfrom[0m
        resources r1_0 
    [34mwhere[0m
        lower(r1_0.title)=lower(?) 
        [34mand[0m lower(r1_0.creator)=lower(?) 
        [34mand[0m r1_0.archived=[34mfalse[0m
[35m[Hibernate][0m 
    [34minsert[0m 
    [34minto[0m
        resources
        (archive_reason, archived, created_at, created_by, creator, illustration_url, modified_by, status, title, type, updated_at, [34myear[0m) 
    [34mvalues[0m
        (?, ?, ?, ?, ?, ?, ?, ?, ?, ?, ?, ?)
[35m[Hibernate][0m 
    [34mselect[0m
        r1_0.id,
        r1_0.archive_reason,
        r1_0.archived,
        r1_0.created_at,
        r1_0.created_by,
        r1_0.creator,
        r1_0.illustration_url,
        r1_0.modified_by,
        r1_0.status,
        r1_0.title,
        r1_0.type,
        r1_0.updated_at,
        r1_0.[34myear[0m 
    [34mfrom[0m
        resources r1_0 
    [34mwhere[0m
        lower(r1_0.title)=lower(?) 
        [34mand[0m lower(r1_0.creator)=lower(?) 
        [34mand[0m r1_0.archived=[34mfalse[0m
[35m[Hibernate][0m 
    [34minsert[0m 
    [34minto[0m
        resources
        (archive_reason, archived, created_at, created_by, creator, illustration_url, modified_by, status, title, type, updated_at, [34myear[0m) 
    [34mvalues[0m
        (?, ?, ?, ?, ?, ?, ?, ?, ?, ?, ?, ?)
[38;5;145m2025-12-16 22:13:40,131[39m[38;5;188m [39m[38;5;107mINFO [39m[38;5;188m traceId=[39m[38;5;85m[39m[38;5;188m, spanId=[39m[38;5;85m[39m[38;5;188m [[39m[38;5;69mcom.akf.cat.int.goo.GoogleBooksSyncService[39m[38;5;188m] ([39m[38;5;71mQuarkus Main Thread[39m[38;5;188m) [39m[38;5;151m[39mSaved 19 new books for author [38;5;188mAli Koudri[39m (1 duplicates skipped)[39m[38;5;203m[39m[38;5;227m
[39m[38;5;145m2025-12-16 22:13:40,131[39m[38;5;188m [39m[38;5;107mINFO [39m[38;5;188m traceId=[39m[38;5;85m[39m[38;5;188m, spanId=[39m[38;5;85m[39m[38;5;188m [[39m[38;5;69mcom.akf.cat.int.goo.GoogleBooksSyncService[39m[38;5;188m] ([39m[38;5;71mQuarkus Main Thread[39m[38;5;188m) [39m[38;5;151m[39mSync summary: 60 books fetched, 58 saved, 2 duplicates skipped[39m[38;5;203m[39m[38;5;227m
[39m[35m[Hibernate][0m 
    [34minsert[0m 
    [34minto[0m
        resource_keywords
        (resource_id, keyword) 
    [34mvalues[0m
        (?, ?)
[35m[Hibernate][0m 
    [34minsert[0m 
    [34minto[0m
        resource_keywords
        (resource_id, keyword) 
    [34mvalues[0m
        (?, ?)
[35m[Hibernate][0m 
    [34minsert[0m 
    [34minto[0m
        resource_keywords
        (resource_id, keyword) 
    [34mvalues[0m
        (?, ?)
[35m[Hibernate][0m 
    [34minsert[0m 
    [34minto[0m
        resource_keywords
        (resource_id, keyword) 
    [34mvalues[0m
        (?, ?)
[35m[Hibernate][0m 
    [34minsert[0m 
    [34minto[0m
        resource_keywords
        (resource_id, keyword) 
    [34mvalues[0m
        (?, ?)
[35m[Hibernate][0m 
    [34minsert[0m 
    [34minto[0m
        resource_keywords
        (resource_id, keyword) 
    [34mvalues[0m
        (?, ?)
[35m[Hibernate][0m 
    [34minsert[0m 
    [34minto[0m
        resource_keywords
        (resource_id, keyword) 
    [34mvalues[0m
        (?, ?)
[35m[Hibernate][0m 
    [34minsert[0m 
    [34minto[0m
        resource_keywords
        (resource_id, keyword) 
    [34mvalues[0m
        (?, ?)
[35m[Hibernate][0m 
    [34minsert[0m 
    [34minto[0m
        resource_keywords
        (resource_id, keyword) 
    [34mvalues[0m
        (?, ?)
[35m[Hibernate][0m 
    [34minsert[0m 
    [34minto[0m
        resource_keywords
        (resource_id, keyword) 
    [34mvalues[0m
        (?, ?)
[35m[Hibernate][0m 
    [34minsert[0m 
    [34minto[0m
        resource_keywords
        (resource_id, keyword) 
    [34mvalues[0m
        (?, ?)
[35m[Hibernate][0m 
    [34minsert[0m 
    [34minto[0m
        resource_keywords
        (resource_id, keyword) 
    [34mvalues[0m
        (?, ?)
[35m[Hibernate][0m 
    [34minsert[0m 
    [34minto[0m
        resource_keywords
        (resource_id, keyword) 
    [34mvalues[0m
        (?, ?)
[35m[Hibernate][0m 
    [34minsert[0m 
    [34minto[0m
        resource_keywords
        (resource_id, keyword) 
    [34mvalues[0m
        (?, ?)
[35m[Hibernate][0m 
    [34minsert[0m 
    [34minto[0m
        resource_keywords
        (resource_id, keyword) 
    [34mvalues[0m
        (?, ?)
[35m[Hibernate][0m 
    [34minsert[0m 
    [34minto[0m
        resource_keywords
        (resource_id, keyword) 
    [34mvalues[0m
        (?, ?)
[35m[Hibernate][0m 
    [34minsert[0m 
    [34minto[0m
        resource_keywords
        (resource_id, keyword) 
    [34mvalues[0m
        (?, ?)
[35m[Hibernate][0m 
    [34minsert[0m 
    [34minto[0m
        resource_keywords
        (resource_id, keyword) 
    [34mvalues[0m
        (?, ?)
[35m[Hibernate][0m 
    [34minsert[0m 
    [34minto[0m
        resource_keywords
        (resource_id, keyword) 
    [34mvalues[0m
        (?, ?)
[35m[Hibernate][0m 
    [34minsert[0m 
    [34minto[0m
        resource_keywords
        (resource_id, keyword) 
    [34mvalues[0m
        (?, ?)
[35m[Hibernate][0m 
    [34minsert[0m 
    [34minto[0m
        resource_keywords
        (resource_id, keyword) 
    [34mvalues[0m
        (?, ?)
[35m[Hibernate][0m 
    [34minsert[0m 
    [34minto[0m
        resource_keywords
        (resource_id, keyword) 
    [34mvalues[0m
        (?, ?)
[35m[Hibernate][0m 
    [34minsert[0m 
    [34minto[0m
        resource_keywords
        (resource_id, keyword) 
    [34mvalues[0m
        (?, ?)
[35m[Hibernate][0m 
    [34minsert[0m 
    [34minto[0m
        resource_keywords
        (resource_id, keyword) 
    [34mvalues[0m
        (?, ?)
[35m[Hibernate][0m 
    [34minsert[0m 
    [34minto[0m
        resource_keywords
        (resource_id, keyword) 
    [34mvalues[0m
        (?, ?)
[35m[Hibernate][0m 
    [34minsert[0m 
    [34minto[0m
        resource_keywords
        (resource_id, keyword) 
    [34mvalues[0m
        (?, ?)
[35m[Hibernate][0m 
    [34minsert[0m 
    [34minto[0m
        resource_keywords
        (resource_id, keyword) 
    [34mvalues[0m
        (?, ?)
[35m[Hibernate][0m 
    [34minsert[0m 
    [34minto[0m
        resource_keywords
        (resource_id, keyword) 
    [34mvalues[0m
        (?, ?)
[35m[Hibernate][0m 
    [34minsert[0m 
    [34minto[0m
        resource_keywords
        (resource_id, keyword) 
    [34mvalues[0m
        (?, ?)
[35m[Hibernate][0m 
    [34minsert[0m 
    [34minto[0m
        resource_keywords
        (resource_id, keyword) 
    [34mvalues[0m
        (?, ?)
[35m[Hibernate][0m 
    [34minsert[0m 
    [34minto[0m
        resource_keywords
        (resource_id, keyword) 
    [34mvalues[0m
        (?, ?)
[38;5;145m2025-12-16 22:13:40,142[39m[38;5;188m [39m[38;5;107mINFO [39m[38;5;188m traceId=[39m[38;5;85m[39m[38;5;188m, spanId=[39m[38;5;85m[39m[38;5;188m [[39m[38;5;69mcom.akf.cat.int.goo.GoogleBooksSyncService[39m[38;5;188m] ([39m[38;5;71mQuarkus Main Thread[39m[38;5;188m) [39m[38;5;151m================================================================================[39m[38;5;203m[39m[38;5;227m
[39m[38;5;145m2025-12-16 22:13:40,142[39m[38;5;188m [39m[38;5;107mINFO [39m[38;5;188m traceId=[39m[38;5;85m[39m[38;5;188m, spanId=[39m[38;5;85m[39m[38;5;188m [[39m[38;5;69mcom.akf.cat.int.goo.GoogleBooksSyncService[39m[38;5;188m] ([39m[38;5;71mQuarkus Main Thread[39m[38;5;188m) [39m[38;5;151mGoogle Books synchronization completed[39m[38;5;203m[39m[38;5;227m
[39m[38;5;145m2025-12-16 22:13:40,142[39m[38;5;188m [39m[38;5;107mINFO [39m[38;5;188m traceId=[39m[38;5;85m[39m[38;5;188m, spanId=[39m[38;5;85m[39m[38;5;188m [[39m[38;5;69mcom.akf.cat.int.goo.GoogleBooksSyncService[39m[38;5;188m] ([39m[38;5;71mQuarkus Main Thread[39m[38;5;188m) [39m[38;5;151m================================================================================[39m[38;5;203m[39m[38;5;227m
[39m[38;5;145m2025-12-16 22:13:40,143[39m[38;5;188m [39m[38;5;107mINFO [39m[38;5;188m traceId=[39m[38;5;85m[39m[38;5;188m, spanId=[39m[38;5;85m[39m[38;5;188m [[39m[38;5;69mcom.akf.cat.inf.con.ConsulRegistrationService[39m[38;5;188m] ([39m[38;5;71mQuarkus Main Thread[39m[38;5;188m) [39m[38;5;151mConsul registration is disabled[39m[38;5;203m[39m[38;5;227m
[39m[38;5;145m2025-12-16 22:13:40,144[39m[38;5;188m [39m[38;5;107mINFO [39m[38;5;188m traceId=[39m[38;5;85m[39m[38;5;188m, spanId=[39m[38;5;85m[39m[38;5;188m [[39m[38;5;69mio.quarkus[39m[38;5;188m] ([39m[38;5;71mQuarkus Main Thread[39m[38;5;188m) [39m[38;5;151m[39m[38;5;188mcatalog-service 1.0.0-SNAPSHOT[39m [38;5;188mon JVM[39m (powered by Quarkus [38;5;188m3.28.4[39m) started in [38;5;188m2.931[39ms. [38;5;188mListening on: http://0.0.0.0:8081[39m[39m[38;5;203m[39m[38;5;227m
[39m[38;5;145m2025-12-16 22:13:40,144[39m[38;5;188m [39m[38;5;107mINFO [39m[38;5;188m traceId=[39m[38;5;85m[39m[38;5;188m, spanId=[39m[38;5;85m[39m[38;5;188m [[39m[38;5;69mio.quarkus[39m[38;5;188m] ([39m[38;5;71mQuarkus Main Thread[39m[38;5;188m) [39m[38;5;151m[39mProfile[38;5;188m[39m [38;5;188mdev[39m activated. [38;5;188mLive Coding activated.[39m[39m[38;5;203m[39m[38;5;227m
[39m[38;5;145m2025-12-16 22:13:40,144[39m[38;5;188m [39m[38;5;107mINFO [39m[38;5;188m traceId=[39m[38;5;85m[39m[38;5;188m, spanId=[39m[38;5;85m[39m[38;5;188m [[39m[38;5;69mio.quarkus[39m[38;5;188m] ([39m[38;5;71mQuarkus Main Thread[39m[38;5;188m) [39m[38;5;151m[39mInstalled features: [[38;5;188magroal, cache, cdi, compose, hibernate-orm, hibernate-orm-panache, hibernate-validator, jdbc-postgresql, kafka-client, messaging, messaging-kafka, micrometer, narayana-jta, oidc, opentelemetry, qute, redis-client, rest, rest-client, rest-client-jackson, rest-jackson, rest-qute, security, smallrye-context-propagation, smallrye-fault-tolerance, smallrye-health, smallrye-openapi, swagger-ui, vertx[39m][39m[38;5;203m[39m[38;5;227m
[39m[38;5;145m2025-12-16 22:13:40,144[39m[38;5;188m [39m[38;5;107mINFO [39m[38;5;188m traceId=[39m[38;5;85m73dcf4ef14a6aab3ab7575178df3dfe4[39m[38;5;188m, spanId=[39m[38;5;85m3716dd835b64f15d[39m[38;5;188m [[39m[38;5;69mio.qua.dep.dev.RuntimeUpdatesProcessor[39m[38;5;188m] ([39m[38;5;71mvert.x-worker-thread-5[39m[38;5;188m) [39m[38;5;151m[39mLive reload total time: [38;5;188m3.006[39ms [39m[38;5;203m[39m[38;5;227m
[39m[38;5;145m2025-12-16 22:20:21,271[39m[38;5;188m [39m[38;5;137mWARN [39m[38;5;188m traceId=[39m[38;5;85m[39m[38;5;188m, spanId=[39m[38;5;85m[39m[38;5;188m [[39m[38;5;69mio.mic.cor.ins.MeterRegistry[39m[38;5;188m] ([39m[38;5;71mvert.x-eventloop-thread-0[39m[38;5;188m) [39m[38;5;151mThis Gauge has been already registered (MeterId{name='redis.queue.size', tags=[tag(clientName=<default>),tag(clientType=redis)]}), the registration will be ignored. Note that subsequent logs will be logged at debug level.[39m[38;5;203m[39m[38;5;227m
[39m[35m[Hibernate][0m 
    [34mselect[0m
        r1_0.id,
        r1_0.archive_reason,
        r1_0.archived,
        r1_0.created_at,
        r1_0.created_by,
        r1_0.creator,
        r1_0.illustration_url,
        r1_0.modified_by,
        r1_0.status,
        r1_0.title,
        r1_0.type,
        r1_0.updated_at,
        r1_0.[34myear[0m 
    [34mfrom[0m
        resources r1_0 
    [34mwhere[0m
        r1_0.archived=?
[35m[Hibernate][0m 
    [34mselect[0m
        k1_0.resource_id,
        k1_0.keyword 
    [34mfrom[0m
        resource_keywords k1_0 
    [34mwhere[0m
        k1_0.resource_id = [34many[0m (?)
[35m[Hibernate][0m 
    [34mselect[0m
        k1_0.resource_id,
        k1_0.keyword 
    [34mfrom[0m
        resource_keywords k1_0 
    [34mwhere[0m
        k1_0.resource_id = [34many[0m (?)
[35m[Hibernate][0m 
    [34mselect[0m
        k1_0.resource_id,
        k1_0.keyword 
    [34mfrom[0m
        resource_keywords k1_0 
    [34mwhere[0m
        k1_0.resource_id = [34many[0m (?)
[35m[Hibernate][0m 
    [34mselect[0m
        k1_0.resource_id,
        k1_0.keyword 
    [34mfrom[0m
        resource_keywords k1_0 
    [34mwhere[0m
        k1_0.resource_id = [34many[0m (?)
[38;5;145m2025-12-16 22:24:55,354[39m[38;5;188m [39m[38;5;107mINFO [39m[38;5;188m traceId=[39m[38;5;85m5ff153dc3fa0d66c8c9974c6c02c7033[39m[38;5;188m, spanId=[39m[38;5;85meaa11f886c05b50c[39m[38;5;188m [[39m[38;5;69mio.qua.dep.dev.RuntimeUpdatesProcessor[39m[38;5;188m] ([39m[38;5;71mvert.x-worker-thread-9[39m[38;5;188m) [39m[38;5;151m[39mFile change detected: [38;5;188m/home/ali/Training/multimedia-quarkus/catalog/src/main/resources/templates/catalog/form.html[39m[39m[38;5;203m[39m[38;5;227m
[39m[38;5;145m2025-12-16 22:24:55,355[39m[38;5;188m [39m[38;5;107mINFO [39m[38;5;188m traceId=[39m[38;5;85m5ff153dc3fa0d66c8c9974c6c02c7033[39m[38;5;188m, spanId=[39m[38;5;85meaa11f886c05b50c[39m[38;5;188m [[39m[38;5;69mio.qua.dep.dev.RuntimeUpdatesProcessor[39m[38;5;188m] ([39m[38;5;71mvert.x-worker-thread-9[39m[38;5;188m) [39m[38;5;151m[39mRestarting quarkus due to changes in [38;5;188mform.html[39m.[39m[38;5;203m[39m[38;5;227m
[39m[38;5;145m2025-12-16 22:24:55,361[39m[38;5;188m [39m[38;5;107mINFO [39m[38;5;188m traceId=[39m[38;5;85m[39m[38;5;188m, spanId=[39m[38;5;85m[39m[38;5;188m [[39m[38;5;69mio.quarkus[39m[38;5;188m] ([39m[38;5;71mQuarkus Main Thread[39m[38;5;188m) [39m[38;5;151m[39m[38;5;188mcatalog-service[39m[38;5;188m[39m stopped in [38;5;188m0.006[39ms[39m[38;5;203m[39m[38;5;227m
[39m[38;5;145m2025-12-16 22:24:55,601[39m[38;5;188m [39m[38;5;107mINFO [39m[38;5;188m traceId=[39m[38;5;85m[39m[38;5;188m, spanId=[39m[38;5;85m[39m[38;5;188m [[39m[38;5;69mio.qua.sma.dep.processor[39m[38;5;188m] ([39m[38;5;71mbuild-24[39m[38;5;188m) [39m[38;5;151m[39mGenerating Jackson serializer for type [38;5;188mcom.akfc.catalog.events.ResourceCreatedEvent[39m[39m[38;5;203m[39m[38;5;227m
[39m__  ____  __  _____   ___  __ ____  ______ 
 --/ __ \/ / / / _ | / _ \/ //_/ / / / __/ 
 -/ /_/ / /_/ / __ |/ , _/ ,< / /_/ /\ \   
--\___\_\____/_/ |_/_/|_/_/|_|\____/___/   
[38;5;145m2025-12-16 22:24:56,054[39m[38;5;188m [39m[38;5;137mWARN [39m[38;5;188m traceId=[39m[38;5;85m[39m[38;5;188m, spanId=[39m[38;5;85m[39m[38;5;188m [[39m[38;5;69mio.qua.config[39m[38;5;188m] ([39m[38;5;71mQuarkus Main Thread[39m[38;5;188m) [39m[38;5;151m[39mUnrecognized configuration key "[38;5;188mquarkus.stork.users-service.service-discovery.consul-host[39m" was provided; it will be ignored; verify that the dependency extension for this configuration is set or that you did not make a typo[39m[38;5;203m[39m[38;5;227m
[39m[38;5;145m2025-12-16 22:24:56,054[39m[38;5;188m [39m[38;5;137mWARN [39m[38;5;188m traceId=[39m[38;5;85m[39m[38;5;188m, spanId=[39m[38;5;85m[39m[38;5;188m [[39m[38;5;69mio.qua.config[39m[38;5;188m] ([39m[38;5;71mQuarkus Main Thread[39m[38;5;188m) [39m[38;5;151m[39mUnrecognized configuration key "[38;5;188mquarkus.stork.reviews-service.service-discovery.consul-port[39m" was provided; it will be ignored; verify that the dependency extension for this configuration is set or that you did not make a typo[39m[38;5;203m[39m[38;5;227m
[39m[38;5;145m2025-12-16 22:24:56,055[39m[38;5;188m [39m[38;5;137mWARN [39m[38;5;188m traceId=[39m[38;5;85m[39m[38;5;188m, spanId=[39m[38;5;85m[39m[38;5;188m [[39m[38;5;69mio.qua.config[39m[38;5;188m] ([39m[38;5;71mQuarkus Main Thread[39m[38;5;188m) [39m[38;5;151m[39mUnrecognized configuration key "[38;5;188mquarkus.stork.users-service.service-discovery.type[39m" was provided; it will be ignored; verify that the dependency extension for this configuration is set or that you did not make a typo[39m[38;5;203m[39m[38;5;227m
[39m[38;5;145m2025-12-16 22:24:56,055[39m[38;5;188m [39m[38;5;137mWARN [39m[38;5;188m traceId=[39m[38;5;85m[39m[38;5;188m, spanId=[39m[38;5;85m[39m[38;5;188m [[39m[38;5;69mio.qua.config[39m[38;5;188m] ([39m[38;5;71mQuarkus Main Thread[39m[38;5;188m) [39m[38;5;151m[39mUnrecognized configuration key "[38;5;188mquarkus.stork.reviews-service.service-discovery.consul-host[39m" was provided; it will be ignored; verify that the dependency extension for this configuration is set or that you did not make a typo[39m[38;5;203m[39m[38;5;227m
[39m[38;5;145m2025-12-16 22:24:56,055[39m[38;5;188m [39m[38;5;137mWARN [39m[38;5;188m traceId=[39m[38;5;85m[39m[38;5;188m, spanId=[39m[38;5;85m[39m[38;5;188m [[39m[38;5;69mio.qua.config[39m[38;5;188m] ([39m[38;5;71mQuarkus Main Thread[39m[38;5;188m) [39m[38;5;151m[39mUnrecognized configuration key "[38;5;188mquarkus.stork.users-service.service-discovery.consul-port[39m" was provided; it will be ignored; verify that the dependency extension for this configuration is set or that you did not make a typo[39m[38;5;203m[39m[38;5;227m
[39m[38;5;145m2025-12-16 22:24:56,055[39m[38;5;188m [39m[38;5;137mWARN [39m[38;5;188m traceId=[39m[38;5;85m[39m[38;5;188m, spanId=[39m[38;5;85m[39m[38;5;188m [[39m[38;5;69mio.qua.config[39m[38;5;188m] ([39m[38;5;71mQuarkus Main Thread[39m[38;5;188m) [39m[38;5;151m[39mUnrecognized configuration key "[38;5;188mquarkus.stork.reviews-service.service-discovery.type[39m" was provided; it will be ignored; verify that the dependency extension for this configuration is set or that you did not make a typo[39m[38;5;203m[39m[38;5;227m
[39m[38;5;145m2025-12-16 22:24:56,060[39m[38;5;188m [39m[38;5;137mWARN [39m[38;5;188m traceId=[39m[38;5;85m[39m[38;5;188m, spanId=[39m[38;5;85m[39m[38;5;188m [[39m[38;5;69mio.qua.config[39m[38;5;188m] ([39m[38;5;71mQuarkus Main Thread[39m[38;5;188m) [39m[38;5;151m[39mThe "[38;5;188mquarkus.hibernate-orm.database.generation[39m" config property is deprecated and should not be used anymore.[39m[38;5;203m[39m[38;5;227m
[39m[35m[Hibernate][0m 
    [34mset[0m client_min_messages = WARNING
[35m[Hibernate][0m 
    [34malter[0m [34mtable[0m [34mif[0m [34mexists[0m resource_keywords 
       [34mdrop[0m [34mconstraint[0m [34mif[0m [34mexists[0m FK7agkg7q1sy11f04tl1hxw8ims
[35m[Hibernate][0m 
    [34mdrop[0m [34mtable[0m [34mif[0m [34mexists[0m resource_keywords [34mcascade[0m
[35m[Hibernate][0m 
    [34mdrop[0m [34mtable[0m [34mif[0m [34mexists[0m resources [34mcascade[0m
[35m[Hibernate][0m 
    [34mcreate[0m [34mtable[0m resource_keywords (
        resource_id [34mbigint[0m [34mnot[0m [34mnull[0m,
        keyword [34mvarchar[0m(100)
    )
[35m[Hibernate][0m 
    [34mcreate[0m [34mtable[0m resources (
        archived [34mboolean[0m [34mnot[0m [34mnull[0m,
        [34myear[0m [34minteger[0m [34mnot[0m [34mnull[0m [34mcheck[0m (([34myear[0m>=1000) [34mand[0m ([34myear[0m<=9999)),
        created_at [34mtimestamp[0m(6) [34mnot[0m [34mnull[0m,
        id [34mbigint[0m generated [34mby[0m [34mdefault[0m [34mas[0m [34midentity[0m,
        updated_at [34mtimestamp[0m(6) [34mnot[0m [34mnull[0m,
        status [34mvarchar[0m(20) [34mnot[0m [34mnull[0m [34mcheck[0m ((status [34min[0m ([36m'AVAILABLE'[0m,[36m'UNAVAILABLE'[0m,[36m'RESERVED'[0m))),
        type [34mvarchar[0m(20) [34mnot[0m [34mnull[0m [34mcheck[0m ((type [34min[0m ([36m'BOOK'[0m,[36m'MOVIE'[0m,[36m'MUSIC'[0m))),
        created_by [34mvarchar[0m(100),
        modified_by [34mvarchar[0m(100),
        archive_reason [34mvarchar[0m(500),
        illustration_url [34mvarchar[0m(500),
        creator [34mvarchar[0m(255) [34mnot[0m [34mnull[0m,
        title [34mvarchar[0m(255) [34mnot[0m [34mnull[0m,
        [34mprimary[0m [34mkey[0m (id)
    )
[35m[Hibernate][0m 
    [34mcreate[0m index idx_resource_title 
       [34mon[0m resources (title)
[35m[Hibernate][0m 
    [34mcreate[0m index idx_resource_type 
       [34mon[0m resources (type)
[35m[Hibernate][0m 
    [34mcreate[0m index idx_resource_year 
       [34mon[0m resources ([34myear[0m)
[35m[Hibernate][0m 
    [34mcreate[0m index idx_resource_status 
       [34mon[0m resources (status)
[35m[Hibernate][0m 
    [34mcreate[0m index idx_resource_archived 
       [34mon[0m resources (archived)
[35m[Hibernate][0m 
    [34malter[0m [34mtable[0m [34mif[0m [34mexists[0m resource_keywords 
       [34madd[0m [34mconstraint[0m FK7agkg7q1sy11f04tl1hxw8ims 
       [34mforeign[0m [34mkey[0m (resource_id) 
       [34mreferences[0m resources
[38;5;145m2025-12-16 22:24:56,173[39m[38;5;188m [39m[38;5;137mWARN [39m[38;5;188m traceId=[39m[38;5;85m[39m[38;5;188m, spanId=[39m[38;5;85m[39m[38;5;188m [[39m[38;5;69mio.qua.oid.run.TenantConfigContextImpl[39m[38;5;188m] ([39m[38;5;71mvert.x-eventloop-thread-8[39m[38;5;188m) [39m[38;5;151mSecret key for encrypting OIDC authorization code flow tokens in a session cookie is not configured, auto-generating it. Note that a new secret will be generated after a restart, thus making it impossible to decrypt the session cookie and requiring a user re-authentication. Use 'quarkus.oidc.token-state-manager.encryption-secret' to configure an encryption secret. Alternatively, disable session cookie encryption with 'quarkus.oidc.token-state-manager.encryption-required=false' but only if it is considered to be safe in your application's network.[39m[38;5;203m[39m[38;5;227m
[39m[38;5;145m2025-12-16 22:24:56,180[39m[38;5;188m [39m[38;5;107mINFO [39m[38;5;188m traceId=[39m[38;5;85m[39m[38;5;188m, spanId=[39m[38;5;85m[39m[38;5;188m [[39m[38;5;69mio.qua.oid.run.dev.ui.OidcDevUiRecorder[39m[38;5;188m] ([39m[38;5;71mQuarkus Main Thread[39m[38;5;188m) [39m[38;5;151m[39mOIDC Dev Console: discovering the provider metadata at [38;5;188mhttp://localhost:8180/auth/realms/training/.well-known/openid-configuration[39m[39m[38;5;203m[39m[38;5;227m
[39m[38;5;145m2025-12-16 22:24:56,202[39m[38;5;188m [39m[38;5;107mINFO [39m[38;5;188m traceId=[39m[38;5;85m[39m[38;5;188m, spanId=[39m[38;5;85m[39m[38;5;188m [[39m[38;5;69mio.sma.rea.mes.kafka[39m[38;5;188m] ([39m[38;5;71msmallrye-kafka-producer-thread-3[39m[38;5;188m) [39m[38;5;151m[39mSRMSG18258: Kafka producer [38;5;188mkafka-producer-resource-events[39m, connected to Kafka brokers '[38;5;188mlocalhost:29092[39m', is configured to write records to '[38;5;188mlibrary-resources[39m'[39m[38;5;203m[39m[38;5;227m
[39m[38;5;145m2025-12-16 22:24:56,209[39m[38;5;188m [39m[38;5;107mINFO [39m[38;5;188m traceId=[39m[38;5;85m[39m[38;5;188m, spanId=[39m[38;5;85m[39m[38;5;188m [[39m[38;5;69mcom.akf.cat.int.goo.GoogleBooksSyncService[39m[38;5;188m] ([39m[38;5;71mQuarkus Main Thread[39m[38;5;188m) [39m[38;5;151m================================================================================[39m[38;5;203m[39m[38;5;227m
[39m[38;5;145m2025-12-16 22:24:56,209[39m[38;5;188m [39m[38;5;107mINFO [39m[38;5;188m traceId=[39m[38;5;85m[39m[38;5;188m, spanId=[39m[38;5;85m[39m[38;5;188m [[39m[38;5;69mcom.akf.cat.int.goo.GoogleBooksSyncService[39m[38;5;188m] ([39m[38;5;71mQuarkus Main Thread[39m[38;5;188m) [39m[38;5;151mStarting Google Books synchronization...[39m[38;5;203m[39m[38;5;227m
[39m[38;5;145m2025-12-16 22:24:56,209[39m[38;5;188m [39m[38;5;107mINFO [39m[38;5;188m traceId=[39m[38;5;85m[39m[38;5;188m, spanId=[39m[38;5;85m[39m[38;5;188m [[39m[38;5;69mcom.akf.cat.int.goo.GoogleBooksSyncService[39m[38;5;188m] ([39m[38;5;71mQuarkus Main Thread[39m[38;5;188m) [39m[38;5;151m================================================================================[39m[38;5;203m[39m[38;5;227m
[39m[38;5;145m2025-12-16 22:24:56,214[39m[38;5;188m [39m[38;5;107mINFO [39m[38;5;188m traceId=[39m[38;5;85m[39m[38;5;188m, spanId=[39m[38;5;85m[39m[38;5;188m [[39m[38;5;69mcom.akf.cat.int.goo.GoogleBooksSyncService[39m[38;5;188m] ([39m[38;5;71mQuarkus Main Thread[39m[38;5;188m) [39m[38;5;151m[39mSyncing books for 3 authors: [38;5;188mJules Verne, Victor Hugo, Ali Koudri[39m[39m[38;5;203m[39m[38;5;227m
[39m[38;5;145m2025-12-16 22:24:56,214[39m[38;5;188m [39m[38;5;107mINFO [39m[38;5;188m traceId=[39m[38;5;85m[39m[38;5;188m, spanId=[39m[38;5;85m[39m[38;5;188m [[39m[38;5;69mcom.akf.cat.int.goo.GoogleBooksSyncService[39m[38;5;188m] ([39m[38;5;71mQuarkus Main Thread[39m[38;5;188m) [39m[38;5;151m[39mFetching books for author: [38;5;188mJules Verne[39m[39m[38;5;203m[39m[38;5;227m
[39m[38;5;145m2025-12-16 22:24:56,705[39m[38;5;188m [39m[38;5;107mINFO [39m[38;5;188m traceId=[39m[38;5;85m[39m[38;5;188m, spanId=[39m[38;5;85m[39m[38;5;188m [[39m[38;5;69mcom.akf.cat.int.goo.GoogleBooksSyncService[39m[38;5;188m] ([39m[38;5;71mQuarkus Main Thread[39m[38;5;188m) [39m[38;5;151m[39mFound 20 books for author: [38;5;188mJules Verne[39m[39m[38;5;203m[39m[38;5;227m
[39m[38;5;145m2025-12-16 22:24:56,706[39m[38;5;188m [39m[38;5;107mINFO [39m[38;5;188m traceId=[39m[38;5;85m[39m[38;5;188m, spanId=[39m[38;5;85m[39m[38;5;188m [[39m[38;5;69mcom.akf.cat.int.goo.GoogleBooksSyncService[39m[38;5;188m] ([39m[38;5;71mQuarkus Main Thread[39m[38;5;188m) [39m[38;5;151m[39mSuccessfully converted 20/20 books to resources[39m[38;5;203m[39m[38;5;227m
[39m[35m[Hibernate][0m 
    [34mselect[0m
        r1_0.id,
        r1_0.archive_reason,
        r1_0.archived,
        r1_0.created_at,
        r1_0.created_by,
        r1_0.creator,
        r1_0.illustration_url,
        r1_0.modified_by,
        r1_0.status,
        r1_0.title,
        r1_0.type,
        r1_0.updated_at,
        r1_0.[34myear[0m 
    [34mfrom[0m
        resources r1_0 
    [34mwhere[0m
        lower(r1_0.title)=lower(?) 
        [34mand[0m lower(r1_0.creator)=lower(?) 
        [34mand[0m r1_0.archived=[34mfalse[0m
[35m[Hibernate][0m 
    [34minsert[0m 
    [34minto[0m
        resources
        (archive_reason, archived, created_at, created_by, creator, illustration_url, modified_by, status, title, type, updated_at, [34myear[0m) 
    [34mvalues[0m
        (?, ?, ?, ?, ?, ?, ?, ?, ?, ?, ?, ?)
[35m[Hibernate][0m 
    [34mselect[0m
        r1_0.id,
        r1_0.archive_reason,
        r1_0.archived,
        r1_0.created_at,
        r1_0.created_by,
        r1_0.creator,
        r1_0.illustration_url,
        r1_0.modified_by,
        r1_0.status,
        r1_0.title,
        r1_0.type,
        r1_0.updated_at,
        r1_0.[34myear[0m 
    [34mfrom[0m
        resources r1_0 
    [34mwhere[0m
        lower(r1_0.title)=lower(?) 
        [34mand[0m lower(r1_0.creator)=lower(?) 
        [34mand[0m r1_0.archived=[34mfalse[0m
[35m[Hibernate][0m 
    [34minsert[0m 
    [34minto[0m
        resources
        (archive_reason, archived, created_at, created_by, creator, illustration_url, modified_by, status, title, type, updated_at, [34myear[0m) 
    [34mvalues[0m
        (?, ?, ?, ?, ?, ?, ?, ?, ?, ?, ?, ?)
[35m[Hibernate][0m 
    [34mselect[0m
        r1_0.id,
        r1_0.archive_reason,
        r1_0.archived,
        r1_0.created_at,
        r1_0.created_by,
        r1_0.creator,
        r1_0.illustration_url,
        r1_0.modified_by,
        r1_0.status,
        r1_0.title,
        r1_0.type,
        r1_0.updated_at,
        r1_0.[34myear[0m 
    [34mfrom[0m
        resources r1_0 
    [34mwhere[0m
        lower(r1_0.title)=lower(?) 
        [34mand[0m lower(r1_0.creator)=lower(?) 
        [34mand[0m r1_0.archived=[34mfalse[0m
[35m[Hibernate][0m 
    [34minsert[0m 
    [34minto[0m
        resources
        (archive_reason, archived, created_at, created_by, creator, illustration_url, modified_by, status, title, type, updated_at, [34myear[0m) 
    [34mvalues[0m
        (?, ?, ?, ?, ?, ?, ?, ?, ?, ?, ?, ?)
[35m[Hibernate][0m 
    [34mselect[0m
        r1_0.id,
        r1_0.archive_reason,
        r1_0.archived,
        r1_0.created_at,
        r1_0.created_by,
        r1_0.creator,
        r1_0.illustration_url,
        r1_0.modified_by,
        r1_0.status,
        r1_0.title,
        r1_0.type,
        r1_0.updated_at,
        r1_0.[34myear[0m 
    [34mfrom[0m
        resources r1_0 
    [34mwhere[0m
        lower(r1_0.title)=lower(?) 
        [34mand[0m lower(r1_0.creator)=lower(?) 
        [34mand[0m r1_0.archived=[34mfalse[0m
[35m[Hibernate][0m 
    [34minsert[0m 
    [34minto[0m
        resources
        (archive_reason, archived, created_at, created_by, creator, illustration_url, modified_by, status, title, type, updated_at, [34myear[0m) 
    [34mvalues[0m
        (?, ?, ?, ?, ?, ?, ?, ?, ?, ?, ?, ?)
[35m[Hibernate][0m 
    [34mselect[0m
        r1_0.id,
        r1_0.archive_reason,
        r1_0.archived,
        r1_0.created_at,
        r1_0.created_by,
        r1_0.creator,
        r1_0.illustration_url,
        r1_0.modified_by,
        r1_0.status,
        r1_0.title,
        r1_0.type,
        r1_0.updated_at,
        r1_0.[34myear[0m 
    [34mfrom[0m
        resources r1_0 
    [34mwhere[0m
        lower(r1_0.title)=lower(?) 
        [34mand[0m lower(r1_0.creator)=lower(?) 
        [34mand[0m r1_0.archived=[34mfalse[0m
[35m[Hibernate][0m 
    [34minsert[0m 
    [34minto[0m
        resources
        (archive_reason, archived, created_at, created_by, creator, illustration_url, modified_by, status, title, type, updated_at, [34myear[0m) 
    [34mvalues[0m
        (?, ?, ?, ?, ?, ?, ?, ?, ?, ?, ?, ?)
[35m[Hibernate][0m 
    [34mselect[0m
        r1_0.id,
        r1_0.archive_reason,
        r1_0.archived,
        r1_0.created_at,
        r1_0.created_by,
        r1_0.creator,
        r1_0.illustration_url,
        r1_0.modified_by,
        r1_0.status,
        r1_0.title,
        r1_0.type,
        r1_0.updated_at,
        r1_0.[34myear[0m 
    [34mfrom[0m
        resources r1_0 
    [34mwhere[0m
        lower(r1_0.title)=lower(?) 
        [34mand[0m lower(r1_0.creator)=lower(?) 
        [34mand[0m r1_0.archived=[34mfalse[0m
[35m[Hibernate][0m 
    [34minsert[0m 
    [34minto[0m
        resources
        (archive_reason, archived, created_at, created_by, creator, illustration_url, modified_by, status, title, type, updated_at, [34myear[0m) 
    [34mvalues[0m
        (?, ?, ?, ?, ?, ?, ?, ?, ?, ?, ?, ?)
[35m[Hibernate][0m 
    [34mselect[0m
        r1_0.id,
        r1_0.archive_reason,
        r1_0.archived,
        r1_0.created_at,
        r1_0.created_by,
        r1_0.creator,
        r1_0.illustration_url,
        r1_0.modified_by,
        r1_0.status,
        r1_0.title,
        r1_0.type,
        r1_0.updated_at,
        r1_0.[34myear[0m 
    [34mfrom[0m
        resources r1_0 
    [34mwhere[0m
        lower(r1_0.title)=lower(?) 
        [34mand[0m lower(r1_0.creator)=lower(?) 
        [34mand[0m r1_0.archived=[34mfalse[0m
[35m[Hibernate][0m 
    [34minsert[0m 
    [34minto[0m
        resources
        (archive_reason, archived, created_at, created_by, creator, illustration_url, modified_by, status, title, type, updated_at, [34myear[0m) 
    [34mvalues[0m
        (?, ?, ?, ?, ?, ?, ?, ?, ?, ?, ?, ?)
[35m[Hibernate][0m 
    [34mselect[0m
        r1_0.id,
        r1_0.archive_reason,
        r1_0.archived,
        r1_0.created_at,
        r1_0.created_by,
        r1_0.creator,
        r1_0.illustration_url,
        r1_0.modified_by,
        r1_0.status,
        r1_0.title,
        r1_0.type,
        r1_0.updated_at,
        r1_0.[34myear[0m 
    [34mfrom[0m
        resources r1_0 
    [34mwhere[0m
        lower(r1_0.title)=lower(?) 
        [34mand[0m lower(r1_0.creator)=lower(?) 
        [34mand[0m r1_0.archived=[34mfalse[0m
[35m[Hibernate][0m 
    [34minsert[0m 
    [34minto[0m
        resources
        (archive_reason, archived, created_at, created_by, creator, illustration_url, modified_by, status, title, type, updated_at, [34myear[0m) 
    [34mvalues[0m
        (?, ?, ?, ?, ?, ?, ?, ?, ?, ?, ?, ?)
[35m[Hibernate][0m 
    [34mselect[0m
        r1_0.id,
        r1_0.archive_reason,
        r1_0.archived,
        r1_0.created_at,
        r1_0.created_by,
        r1_0.creator,
        r1_0.illustration_url,
        r1_0.modified_by,
        r1_0.status,
        r1_0.title,
        r1_0.type,
        r1_0.updated_at,
        r1_0.[34myear[0m 
    [34mfrom[0m
        resources r1_0 
    [34mwhere[0m
        lower(r1_0.title)=lower(?) 
        [34mand[0m lower(r1_0.creator)=lower(?) 
        [34mand[0m r1_0.archived=[34mfalse[0m
[35m[Hibernate][0m 
    [34minsert[0m 
    [34minto[0m
        resources
        (archive_reason, archived, created_at, created_by, creator, illustration_url, modified_by, status, title, type, updated_at, [34myear[0m) 
    [34mvalues[0m
        (?, ?, ?, ?, ?, ?, ?, ?, ?, ?, ?, ?)
[35m[Hibernate][0m 
    [34mselect[0m
        r1_0.id,
        r1_0.archive_reason,
        r1_0.archived,
        r1_0.created_at,
        r1_0.created_by,
        r1_0.creator,
        r1_0.illustration_url,
        r1_0.modified_by,
        r1_0.status,
        r1_0.title,
        r1_0.type,
        r1_0.updated_at,
        r1_0.[34myear[0m 
    [34mfrom[0m
        resources r1_0 
    [34mwhere[0m
        lower(r1_0.title)=lower(?) 
        [34mand[0m lower(r1_0.creator)=lower(?) 
        [34mand[0m r1_0.archived=[34mfalse[0m
[35m[Hibernate][0m 
    [34minsert[0m 
    [34minto[0m
        resources
        (archive_reason, archived, created_at, created_by, creator, illustration_url, modified_by, status, title, type, updated_at, [34myear[0m) 
    [34mvalues[0m
        (?, ?, ?, ?, ?, ?, ?, ?, ?, ?, ?, ?)
[35m[Hibernate][0m 
    [34mselect[0m
        r1_0.id,
        r1_0.archive_reason,
        r1_0.archived,
        r1_0.created_at,
        r1_0.created_by,
        r1_0.creator,
        r1_0.illustration_url,
        r1_0.modified_by,
        r1_0.status,
        r1_0.title,
        r1_0.type,
        r1_0.updated_at,
        r1_0.[34myear[0m 
    [34mfrom[0m
        resources r1_0 
    [34mwhere[0m
        lower(r1_0.title)=lower(?) 
        [34mand[0m lower(r1_0.creator)=lower(?) 
        [34mand[0m r1_0.archived=[34mfalse[0m
[35m[Hibernate][0m 
    [34minsert[0m 
    [34minto[0m
        resources
        (archive_reason, archived, created_at, created_by, creator, illustration_url, modified_by, status, title, type, updated_at, [34myear[0m) 
    [34mvalues[0m
        (?, ?, ?, ?, ?, ?, ?, ?, ?, ?, ?, ?)
[35m[Hibernate][0m 
    [34mselect[0m
        r1_0.id,
        r1_0.archive_reason,
        r1_0.archived,
        r1_0.created_at,
        r1_0.created_by,
        r1_0.creator,
        r1_0.illustration_url,
        r1_0.modified_by,
        r1_0.status,
        r1_0.title,
        r1_0.type,
        r1_0.updated_at,
        r1_0.[34myear[0m 
    [34mfrom[0m
        resources r1_0 
    [34mwhere[0m
        lower(r1_0.title)=lower(?) 
        [34mand[0m lower(r1_0.creator)=lower(?) 
        [34mand[0m r1_0.archived=[34mfalse[0m
[35m[Hibernate][0m 
    [34minsert[0m 
    [34minto[0m
        resources
        (archive_reason, archived, created_at, created_by, creator, illustration_url, modified_by, status, title, type, updated_at, [34myear[0m) 
    [34mvalues[0m
        (?, ?, ?, ?, ?, ?, ?, ?, ?, ?, ?, ?)
[35m[Hibernate][0m 
    [34mselect[0m
        r1_0.id,
        r1_0.archive_reason,
        r1_0.archived,
        r1_0.created_at,
        r1_0.created_by,
        r1_0.creator,
        r1_0.illustration_url,
        r1_0.modified_by,
        r1_0.status,
        r1_0.title,
        r1_0.type,
        r1_0.updated_at,
        r1_0.[34myear[0m 
    [34mfrom[0m
        resources r1_0 
    [34mwhere[0m
        lower(r1_0.title)=lower(?) 
        [34mand[0m lower(r1_0.creator)=lower(?) 
        [34mand[0m r1_0.archived=[34mfalse[0m
[35m[Hibernate][0m 
    [34minsert[0m 
    [34minto[0m
        resources
        (archive_reason, archived, created_at, created_by, creator, illustration_url, modified_by, status, title, type, updated_at, [34myear[0m) 
    [34mvalues[0m
        (?, ?, ?, ?, ?, ?, ?, ?, ?, ?, ?, ?)
[35m[Hibernate][0m 
    [34mselect[0m
        r1_0.id,
        r1_0.archive_reason,
        r1_0.archived,
        r1_0.created_at,
        r1_0.created_by,
        r1_0.creator,
        r1_0.illustration_url,
        r1_0.modified_by,
        r1_0.status,
        r1_0.title,
        r1_0.type,
        r1_0.updated_at,
        r1_0.[34myear[0m 
    [34mfrom[0m
        resources r1_0 
    [34mwhere[0m
        lower(r1_0.title)=lower(?) 
        [34mand[0m lower(r1_0.creator)=lower(?) 
        [34mand[0m r1_0.archived=[34mfalse[0m
[35m[Hibernate][0m 
    [34minsert[0m 
    [34minto[0m
        resources
        (archive_reason, archived, created_at, created_by, creator, illustration_url, modified_by, status, title, type, updated_at, [34myear[0m) 
    [34mvalues[0m
        (?, ?, ?, ?, ?, ?, ?, ?, ?, ?, ?, ?)
[35m[Hibernate][0m 
    [34mselect[0m
        r1_0.id,
        r1_0.archive_reason,
        r1_0.archived,
        r1_0.created_at,
        r1_0.created_by,
        r1_0.creator,
        r1_0.illustration_url,
        r1_0.modified_by,
        r1_0.status,
        r1_0.title,
        r1_0.type,
        r1_0.updated_at,
        r1_0.[34myear[0m 
    [34mfrom[0m
        resources r1_0 
    [34mwhere[0m
        lower(r1_0.title)=lower(?) 
        [34mand[0m lower(r1_0.creator)=lower(?) 
        [34mand[0m r1_0.archived=[34mfalse[0m
[35m[Hibernate][0m 
    [34minsert[0m 
    [34minto[0m
        resources
        (archive_reason, archived, created_at, created_by, creator, illustration_url, modified_by, status, title, type, updated_at, [34myear[0m) 
    [34mvalues[0m
        (?, ?, ?, ?, ?, ?, ?, ?, ?, ?, ?, ?)
[35m[Hibernate][0m 
    [34mselect[0m
        r1_0.id,
        r1_0.archive_reason,
        r1_0.archived,
        r1_0.created_at,
        r1_0.created_by,
        r1_0.creator,
        r1_0.illustration_url,
        r1_0.modified_by,
        r1_0.status,
        r1_0.title,
        r1_0.type,
        r1_0.updated_at,
        r1_0.[34myear[0m 
    [34mfrom[0m
        resources r1_0 
    [34mwhere[0m
        lower(r1_0.title)=lower(?) 
        [34mand[0m lower(r1_0.creator)=lower(?) 
        [34mand[0m r1_0.archived=[34mfalse[0m
[35m[Hibernate][0m 
    [34minsert[0m 
    [34minto[0m
        resources
        (archive_reason, archived, created_at, created_by, creator, illustration_url, modified_by, status, title, type, updated_at, [34myear[0m) 
    [34mvalues[0m
        (?, ?, ?, ?, ?, ?, ?, ?, ?, ?, ?, ?)
[35m[Hibernate][0m 
    [34mselect[0m
        r1_0.id,
        r1_0.archive_reason,
        r1_0.archived,
        r1_0.created_at,
        r1_0.created_by,
        r1_0.creator,
        r1_0.illustration_url,
        r1_0.modified_by,
        r1_0.status,
        r1_0.title,
        r1_0.type,
        r1_0.updated_at,
        r1_0.[34myear[0m 
    [34mfrom[0m
        resources r1_0 
    [34mwhere[0m
        lower(r1_0.title)=lower(?) 
        [34mand[0m lower(r1_0.creator)=lower(?) 
        [34mand[0m r1_0.archived=[34mfalse[0m
[35m[Hibernate][0m 
    [34minsert[0m 
    [34minto[0m
        resources
        (archive_reason, archived, created_at, created_by, creator, illustration_url, modified_by, status, title, type, updated_at, [34myear[0m) 
    [34mvalues[0m
        (?, ?, ?, ?, ?, ?, ?, ?, ?, ?, ?, ?)
[35m[Hibernate][0m 
    [34mselect[0m
        r1_0.id,
        r1_0.archive_reason,
        r1_0.archived,
        r1_0.created_at,
        r1_0.created_by,
        r1_0.creator,
        r1_0.illustration_url,
        r1_0.modified_by,
        r1_0.status,
        r1_0.title,
        r1_0.type,
        r1_0.updated_at,
        r1_0.[34myear[0m 
    [34mfrom[0m
        resources r1_0 
    [34mwhere[0m
        lower(r1_0.title)=lower(?) 
        [34mand[0m lower(r1_0.creator)=lower(?) 
        [34mand[0m r1_0.archived=[34mfalse[0m
[35m[Hibernate][0m 
    [34minsert[0m 
    [34minto[0m
        resources
        (archive_reason, archived, created_at, created_by, creator, illustration_url, modified_by, status, title, type, updated_at, [34myear[0m) 
    [34mvalues[0m
        (?, ?, ?, ?, ?, ?, ?, ?, ?, ?, ?, ?)
[35m[Hibernate][0m 
    [34mselect[0m
        r1_0.id,
        r1_0.archive_reason,
        r1_0.archived,
        r1_0.created_at,
        r1_0.created_by,
        r1_0.creator,
        r1_0.illustration_url,
        r1_0.modified_by,
        r1_0.status,
        r1_0.title,
        r1_0.type,
        r1_0.updated_at,
        r1_0.[34myear[0m 
    [34mfrom[0m
        resources r1_0 
    [34mwhere[0m
        lower(r1_0.title)=lower(?) 
        [34mand[0m lower(r1_0.creator)=lower(?) 
        [34mand[0m r1_0.archived=[34mfalse[0m
[35m[Hibernate][0m 
    [34minsert[0m 
    [34minto[0m
        resources
        (archive_reason, archived, created_at, created_by, creator, illustration_url, modified_by, status, title, type, updated_at, [34myear[0m) 
    [34mvalues[0m
        (?, ?, ?, ?, ?, ?, ?, ?, ?, ?, ?, ?)
[35m[Hibernate][0m 
    [34mselect[0m
        r1_0.id,
        r1_0.archive_reason,
        r1_0.archived,
        r1_0.created_at,
        r1_0.created_by,
        r1_0.creator,
        r1_0.illustration_url,
        r1_0.modified_by,
        r1_0.status,
        r1_0.title,
        r1_0.type,
        r1_0.updated_at,
        r1_0.[34myear[0m 
    [34mfrom[0m
        resources r1_0 
    [34mwhere[0m
        lower(r1_0.title)=lower(?) 
        [34mand[0m lower(r1_0.creator)=lower(?) 
        [34mand[0m r1_0.archived=[34mfalse[0m
[35m[Hibernate][0m 
    [34minsert[0m 
    [34minto[0m
        resources
        (archive_reason, archived, created_at, created_by, creator, illustration_url, modified_by, status, title, type, updated_at, [34myear[0m) 
    [34mvalues[0m
        (?, ?, ?, ?, ?, ?, ?, ?, ?, ?, ?, ?)
[38;5;145m2025-12-16 22:24:56,751[39m[38;5;188m [39m[38;5;107mINFO [39m[38;5;188m traceId=[39m[38;5;85m[39m[38;5;188m, spanId=[39m[38;5;85m[39m[38;5;188m [[39m[38;5;69mcom.akf.cat.int.goo.GoogleBooksSyncService[39m[38;5;188m] ([39m[38;5;71mQuarkus Main Thread[39m[38;5;188m) [39m[38;5;151m[39mSaved 20 new books for author [38;5;188mJules Verne[39m (0 duplicates skipped)[39m[38;5;203m[39m[38;5;227m
[39m[38;5;145m2025-12-16 22:24:56,752[39m[38;5;188m [39m[38;5;107mINFO [39m[38;5;188m traceId=[39m[38;5;85m[39m[38;5;188m, spanId=[39m[38;5;85m[39m[38;5;188m [[39m[38;5;69mcom.akf.cat.int.goo.GoogleBooksSyncService[39m[38;5;188m] ([39m[38;5;71mQuarkus Main Thread[39m[38;5;188m) [39m[38;5;151m[39mFetching books for author: [38;5;188mVictor Hugo[39m[39m[38;5;203m[39m[38;5;227m
[39m[38;5;145m2025-12-16 22:24:57,246[39m[38;5;188m [39m[38;5;107mINFO [39m[38;5;188m traceId=[39m[38;5;85m[39m[38;5;188m, spanId=[39m[38;5;85m[39m[38;5;188m [[39m[38;5;69mcom.akf.cat.int.goo.GoogleBooksSyncService[39m[38;5;188m] ([39m[38;5;71mQuarkus Main Thread[39m[38;5;188m) [39m[38;5;151m[39mFound 20 books for author: [38;5;188mVictor Hugo[39m[39m[38;5;203m[39m[38;5;227m
[39m[38;5;145m2025-12-16 22:24:57,247[39m[38;5;188m [39m[38;5;107mINFO [39m[38;5;188m traceId=[39m[38;5;85m[39m[38;5;188m, spanId=[39m[38;5;85m[39m[38;5;188m [[39m[38;5;69mcom.akf.cat.int.goo.GoogleBooksSyncService[39m[38;5;188m] ([39m[38;5;71mQuarkus Main Thread[39m[38;5;188m) [39m[38;5;151m[39mSuccessfully converted 20/20 books to resources[39m[38;5;203m[39m[38;5;227m
[39m[35m[Hibernate][0m 
    [34mselect[0m
        r1_0.id,
        r1_0.archive_reason,
        r1_0.archived,
        r1_0.created_at,
        r1_0.created_by,
        r1_0.creator,
        r1_0.illustration_url,
        r1_0.modified_by,
        r1_0.status,
        r1_0.title,
        r1_0.type,
        r1_0.updated_at,
        r1_0.[34myear[0m 
    [34mfrom[0m
        resources r1_0 
    [34mwhere[0m
        lower(r1_0.title)=lower(?) 
        [34mand[0m lower(r1_0.creator)=lower(?) 
        [34mand[0m r1_0.archived=[34mfalse[0m
[35m[Hibernate][0m 
    [34minsert[0m 
    [34minto[0m
        resources
        (archive_reason, archived, created_at, created_by, creator, illustration_url, modified_by, status, title, type, updated_at, [34myear[0m) 
    [34mvalues[0m
        (?, ?, ?, ?, ?, ?, ?, ?, ?, ?, ?, ?)
[35m[Hibernate][0m 
    [34mselect[0m
        r1_0.id,
        r1_0.archive_reason,
        r1_0.archived,
        r1_0.created_at,
        r1_0.created_by,
        r1_0.creator,
        r1_0.illustration_url,
        r1_0.modified_by,
        r1_0.status,
        r1_0.title,
        r1_0.type,
        r1_0.updated_at,
        r1_0.[34myear[0m 
    [34mfrom[0m
        resources r1_0 
    [34mwhere[0m
        lower(r1_0.title)=lower(?) 
        [34mand[0m lower(r1_0.creator)=lower(?) 
        [34mand[0m r1_0.archived=[34mfalse[0m
[35m[Hibernate][0m 
    [34minsert[0m 
    [34minto[0m
        resources
        (archive_reason, archived, created_at, created_by, creator, illustration_url, modified_by, status, title, type, updated_at, [34myear[0m) 
    [34mvalues[0m
        (?, ?, ?, ?, ?, ?, ?, ?, ?, ?, ?, ?)
[35m[Hibernate][0m 
    [34mselect[0m
        r1_0.id,
        r1_0.archive_reason,
        r1_0.archived,
        r1_0.created_at,
        r1_0.created_by,
        r1_0.creator,
        r1_0.illustration_url,
        r1_0.modified_by,
        r1_0.status,
        r1_0.title,
        r1_0.type,
        r1_0.updated_at,
        r1_0.[34myear[0m 
    [34mfrom[0m
        resources r1_0 
    [34mwhere[0m
        lower(r1_0.title)=lower(?) 
        [34mand[0m lower(r1_0.creator)=lower(?) 
        [34mand[0m r1_0.archived=[34mfalse[0m
[35m[Hibernate][0m 
    [34minsert[0m 
    [34minto[0m
        resources
        (archive_reason, archived, created_at, created_by, creator, illustration_url, modified_by, status, title, type, updated_at, [34myear[0m) 
    [34mvalues[0m
        (?, ?, ?, ?, ?, ?, ?, ?, ?, ?, ?, ?)
[35m[Hibernate][0m 
    [34mselect[0m
        r1_0.id,
        r1_0.archive_reason,
        r1_0.archived,
        r1_0.created_at,
        r1_0.created_by,
        r1_0.creator,
        r1_0.illustration_url,
        r1_0.modified_by,
        r1_0.status,
        r1_0.title,
        r1_0.type,
        r1_0.updated_at,
        r1_0.[34myear[0m 
    [34mfrom[0m
        resources r1_0 
    [34mwhere[0m
        lower(r1_0.title)=lower(?) 
        [34mand[0m lower(r1_0.creator)=lower(?) 
        [34mand[0m r1_0.archived=[34mfalse[0m
[35m[Hibernate][0m 
    [34minsert[0m 
    [34minto[0m
        resources
        (archive_reason, archived, created_at, created_by, creator, illustration_url, modified_by, status, title, type, updated_at, [34myear[0m) 
    [34mvalues[0m
        (?, ?, ?, ?, ?, ?, ?, ?, ?, ?, ?, ?)
[35m[Hibernate][0m 
    [34mselect[0m
        r1_0.id,
        r1_0.archive_reason,
        r1_0.archived,
        r1_0.created_at,
        r1_0.created_by,
        r1_0.creator,
        r1_0.illustration_url,
        r1_0.modified_by,
        r1_0.status,
        r1_0.title,
        r1_0.type,
        r1_0.updated_at,
        r1_0.[34myear[0m 
    [34mfrom[0m
        resources r1_0 
    [34mwhere[0m
        lower(r1_0.title)=lower(?) 
        [34mand[0m lower(r1_0.creator)=lower(?) 
        [34mand[0m r1_0.archived=[34mfalse[0m
[35m[Hibernate][0m 
    [34minsert[0m 
    [34minto[0m
        resources
        (archive_reason, archived, created_at, created_by, creator, illustration_url, modified_by, status, title, type, updated_at, [34myear[0m) 
    [34mvalues[0m
        (?, ?, ?, ?, ?, ?, ?, ?, ?, ?, ?, ?)
[35m[Hibernate][0m 
    [34mselect[0m
        r1_0.id,
        r1_0.archive_reason,
        r1_0.archived,
        r1_0.created_at,
        r1_0.created_by,
        r1_0.creator,
        r1_0.illustration_url,
        r1_0.modified_by,
        r1_0.status,
        r1_0.title,
        r1_0.type,
        r1_0.updated_at,
        r1_0.[34myear[0m 
    [34mfrom[0m
        resources r1_0 
    [34mwhere[0m
        lower(r1_0.title)=lower(?) 
        [34mand[0m lower(r1_0.creator)=lower(?) 
        [34mand[0m r1_0.archived=[34mfalse[0m
[35m[Hibernate][0m 
    [34minsert[0m 
    [34minto[0m
        resources
        (archive_reason, archived, created_at, created_by, creator, illustration_url, modified_by, status, title, type, updated_at, [34myear[0m) 
    [34mvalues[0m
        (?, ?, ?, ?, ?, ?, ?, ?, ?, ?, ?, ?)
[35m[Hibernate][0m 
    [34mselect[0m
        r1_0.id,
        r1_0.archive_reason,
        r1_0.archived,
        r1_0.created_at,
        r1_0.created_by,
        r1_0.creator,
        r1_0.illustration_url,
        r1_0.modified_by,
        r1_0.status,
        r1_0.title,
        r1_0.type,
        r1_0.updated_at,
        r1_0.[34myear[0m 
    [34mfrom[0m
        resources r1_0 
    [34mwhere[0m
        lower(r1_0.title)=lower(?) 
        [34mand[0m lower(r1_0.creator)=lower(?) 
        [34mand[0m r1_0.archived=[34mfalse[0m
[35m[Hibernate][0m 
    [34mselect[0m
        r1_0.id,
        r1_0.archive_reason,
        r1_0.archived,
        r1_0.created_at,
        r1_0.created_by,
        r1_0.creator,
        r1_0.illustration_url,
        r1_0.modified_by,
        r1_0.status,
        r1_0.title,
        r1_0.type,
        r1_0.updated_at,
        r1_0.[34myear[0m 
    [34mfrom[0m
        resources r1_0 
    [34mwhere[0m
        lower(r1_0.title)=lower(?) 
        [34mand[0m lower(r1_0.creator)=lower(?) 
        [34mand[0m r1_0.archived=[34mfalse[0m
[35m[Hibernate][0m 
    [34minsert[0m 
    [34minto[0m
        resources
        (archive_reason, archived, created_at, created_by, creator, illustration_url, modified_by, status, title, type, updated_at, [34myear[0m) 
    [34mvalues[0m
        (?, ?, ?, ?, ?, ?, ?, ?, ?, ?, ?, ?)
[35m[Hibernate][0m 
    [34mselect[0m
        r1_0.id,
        r1_0.archive_reason,
        r1_0.archived,
        r1_0.created_at,
        r1_0.created_by,
        r1_0.creator,
        r1_0.illustration_url,
        r1_0.modified_by,
        r1_0.status,
        r1_0.title,
        r1_0.type,
        r1_0.updated_at,
        r1_0.[34myear[0m 
    [34mfrom[0m
        resources r1_0 
    [34mwhere[0m
        lower(r1_0.title)=lower(?) 
        [34mand[0m lower(r1_0.creator)=lower(?) 
        [34mand[0m r1_0.archived=[34mfalse[0m
[35m[Hibernate][0m 
    [34minsert[0m 
    [34minto[0m
        resources
        (archive_reason, archived, created_at, created_by, creator, illustration_url, modified_by, status, title, type, updated_at, [34myear[0m) 
    [34mvalues[0m
        (?, ?, ?, ?, ?, ?, ?, ?, ?, ?, ?, ?)
[35m[Hibernate][0m 
    [34mselect[0m
        r1_0.id,
        r1_0.archive_reason,
        r1_0.archived,
        r1_0.created_at,
        r1_0.created_by,
        r1_0.creator,
        r1_0.illustration_url,
        r1_0.modified_by,
        r1_0.status,
        r1_0.title,
        r1_0.type,
        r1_0.updated_at,
        r1_0.[34myear[0m 
    [34mfrom[0m
        resources r1_0 
    [34mwhere[0m
        lower(r1_0.title)=lower(?) 
        [34mand[0m lower(r1_0.creator)=lower(?) 
        [34mand[0m r1_0.archived=[34mfalse[0m
[35m[Hibernate][0m 
    [34minsert[0m 
    [34minto[0m
        resources
        (archive_reason, archived, created_at, created_by, creator, illustration_url, modified_by, status, title, type, updated_at, [34myear[0m) 
    [34mvalues[0m
        (?, ?, ?, ?, ?, ?, ?, ?, ?, ?, ?, ?)
[35m[Hibernate][0m 
    [34mselect[0m
        r1_0.id,
        r1_0.archive_reason,
        r1_0.archived,
        r1_0.created_at,
        r1_0.created_by,
        r1_0.creator,
        r1_0.illustration_url,
        r1_0.modified_by,
        r1_0.status,
        r1_0.title,
        r1_0.type,
        r1_0.updated_at,
        r1_0.[34myear[0m 
    [34mfrom[0m
        resources r1_0 
    [34mwhere[0m
        lower(r1_0.title)=lower(?) 
        [34mand[0m lower(r1_0.creator)=lower(?) 
        [34mand[0m r1_0.archived=[34mfalse[0m
[35m[Hibernate][0m 
    [34minsert[0m 
    [34minto[0m
        resources
        (archive_reason, archived, created_at, created_by, creator, illustration_url, modified_by, status, title, type, updated_at, [34myear[0m) 
    [34mvalues[0m
        (?, ?, ?, ?, ?, ?, ?, ?, ?, ?, ?, ?)
[35m[Hibernate][0m 
    [34mselect[0m
        r1_0.id,
        r1_0.archive_reason,
        r1_0.archived,
        r1_0.created_at,
        r1_0.created_by,
        r1_0.creator,
        r1_0.illustration_url,
        r1_0.modified_by,
        r1_0.status,
        r1_0.title,
        r1_0.type,
        r1_0.updated_at,
        r1_0.[34myear[0m 
    [34mfrom[0m
        resources r1_0 
    [34mwhere[0m
        lower(r1_0.title)=lower(?) 
        [34mand[0m lower(r1_0.creator)=lower(?) 
        [34mand[0m r1_0.archived=[34mfalse[0m
[35m[Hibernate][0m 
    [34minsert[0m 
    [34minto[0m
        resources
        (archive_reason, archived, created_at, created_by, creator, illustration_url, modified_by, status, title, type, updated_at, [34myear[0m) 
    [34mvalues[0m
        (?, ?, ?, ?, ?, ?, ?, ?, ?, ?, ?, ?)
[35m[Hibernate][0m 
    [34mselect[0m
        r1_0.id,
        r1_0.archive_reason,
        r1_0.archived,
        r1_0.created_at,
        r1_0.created_by,
        r1_0.creator,
        r1_0.illustration_url,
        r1_0.modified_by,
        r1_0.status,
        r1_0.title,
        r1_0.type,
        r1_0.updated_at,
        r1_0.[34myear[0m 
    [34mfrom[0m
        resources r1_0 
    [34mwhere[0m
        lower(r1_0.title)=lower(?) 
        [34mand[0m lower(r1_0.creator)=lower(?) 
        [34mand[0m r1_0.archived=[34mfalse[0m
[35m[Hibernate][0m 
    [34minsert[0m 
    [34minto[0m
        resources
        (archive_reason, archived, created_at, created_by, creator, illustration_url, modified_by, status, title, type, updated_at, [34myear[0m) 
    [34mvalues[0m
        (?, ?, ?, ?, ?, ?, ?, ?, ?, ?, ?, ?)
[35m[Hibernate][0m 
    [34mselect[0m
        r1_0.id,
        r1_0.archive_reason,
        r1_0.archived,
        r1_0.created_at,
        r1_0.created_by,
        r1_0.creator,
        r1_0.illustration_url,
        r1_0.modified_by,
        r1_0.status,
        r1_0.title,
        r1_0.type,
        r1_0.updated_at,
        r1_0.[34myear[0m 
    [34mfrom[0m
        resources r1_0 
    [34mwhere[0m
        lower(r1_0.title)=lower(?) 
        [34mand[0m lower(r1_0.creator)=lower(?) 
        [34mand[0m r1_0.archived=[34mfalse[0m
[35m[Hibernate][0m 
    [34minsert[0m 
    [34minto[0m
        resources
        (archive_reason, archived, created_at, created_by, creator, illustration_url, modified_by, status, title, type, updated_at, [34myear[0m) 
    [34mvalues[0m
        (?, ?, ?, ?, ?, ?, ?, ?, ?, ?, ?, ?)
[35m[Hibernate][0m 
    [34mselect[0m
        r1_0.id,
        r1_0.archive_reason,
        r1_0.archived,
        r1_0.created_at,
        r1_0.created_by,
        r1_0.creator,
        r1_0.illustration_url,
        r1_0.modified_by,
        r1_0.status,
        r1_0.title,
        r1_0.type,
        r1_0.updated_at,
        r1_0.[34myear[0m 
    [34mfrom[0m
        resources r1_0 
    [34mwhere[0m
        lower(r1_0.title)=lower(?) 
        [34mand[0m lower(r1_0.creator)=lower(?) 
        [34mand[0m r1_0.archived=[34mfalse[0m
[35m[Hibernate][0m 
    [34minsert[0m 
    [34minto[0m
        resources
        (archive_reason, archived, created_at, created_by, creator, illustration_url, modified_by, status, title, type, updated_at, [34myear[0m) 
    [34mvalues[0m
        (?, ?, ?, ?, ?, ?, ?, ?, ?, ?, ?, ?)
[35m[Hibernate][0m 
    [34mselect[0m
        r1_0.id,
        r1_0.archive_reason,
        r1_0.archived,
        r1_0.created_at,
        r1_0.created_by,
        r1_0.creator,
        r1_0.illustration_url,
        r1_0.modified_by,
        r1_0.status,
        r1_0.title,
        r1_0.type,
        r1_0.updated_at,
        r1_0.[34myear[0m 
    [34mfrom[0m
        resources r1_0 
    [34mwhere[0m
        lower(r1_0.title)=lower(?) 
        [34mand[0m lower(r1_0.creator)=lower(?) 
        [34mand[0m r1_0.archived=[34mfalse[0m
[35m[Hibernate][0m 
    [34minsert[0m 
    [34minto[0m
        resources
        (archive_reason, archived, created_at, created_by, creator, illustration_url, modified_by, status, title, type, updated_at, [34myear[0m) 
    [34mvalues[0m
        (?, ?, ?, ?, ?, ?, ?, ?, ?, ?, ?, ?)
[35m[Hibernate][0m 
    [34mselect[0m
        r1_0.id,
        r1_0.archive_reason,
        r1_0.archived,
        r1_0.created_at,
        r1_0.created_by,
        r1_0.creator,
        r1_0.illustration_url,
        r1_0.modified_by,
        r1_0.status,
        r1_0.title,
        r1_0.type,
        r1_0.updated_at,
        r1_0.[34myear[0m 
    [34mfrom[0m
        resources r1_0 
    [34mwhere[0m
        lower(r1_0.title)=lower(?) 
        [34mand[0m lower(r1_0.creator)=lower(?) 
        [34mand[0m r1_0.archived=[34mfalse[0m
[35m[Hibernate][0m 
    [34minsert[0m 
    [34minto[0m
        resources
        (archive_reason, archived, created_at, created_by, creator, illustration_url, modified_by, status, title, type, updated_at, [34myear[0m) 
    [34mvalues[0m
        (?, ?, ?, ?, ?, ?, ?, ?, ?, ?, ?, ?)
[35m[Hibernate][0m 
    [34mselect[0m
        r1_0.id,
        r1_0.archive_reason,
        r1_0.archived,
        r1_0.created_at,
        r1_0.created_by,
        r1_0.creator,
        r1_0.illustration_url,
        r1_0.modified_by,
        r1_0.status,
        r1_0.title,
        r1_0.type,
        r1_0.updated_at,
        r1_0.[34myear[0m 
    [34mfrom[0m
        resources r1_0 
    [34mwhere[0m
        lower(r1_0.title)=lower(?) 
        [34mand[0m lower(r1_0.creator)=lower(?) 
        [34mand[0m r1_0.archived=[34mfalse[0m
[35m[Hibernate][0m 
    [34minsert[0m 
    [34minto[0m
        resources
        (archive_reason, archived, created_at, created_by, creator, illustration_url, modified_by, status, title, type, updated_at, [34myear[0m) 
    [34mvalues[0m
        (?, ?, ?, ?, ?, ?, ?, ?, ?, ?, ?, ?)
[35m[Hibernate][0m 
    [34mselect[0m
        r1_0.id,
        r1_0.archive_reason,
        r1_0.archived,
        r1_0.created_at,
        r1_0.created_by,
        r1_0.creator,
        r1_0.illustration_url,
        r1_0.modified_by,
        r1_0.status,
        r1_0.title,
        r1_0.type,
        r1_0.updated_at,
        r1_0.[34myear[0m 
    [34mfrom[0m
        resources r1_0 
    [34mwhere[0m
        lower(r1_0.title)=lower(?) 
        [34mand[0m lower(r1_0.creator)=lower(?) 
        [34mand[0m r1_0.archived=[34mfalse[0m
[35m[Hibernate][0m 
    [34minsert[0m 
    [34minto[0m
        resources
        (archive_reason, archived, created_at, created_by, creator, illustration_url, modified_by, status, title, type, updated_at, [34myear[0m) 
    [34mvalues[0m
        (?, ?, ?, ?, ?, ?, ?, ?, ?, ?, ?, ?)
[35m[Hibernate][0m 
    [34mselect[0m
        r1_0.id,
        r1_0.archive_reason,
        r1_0.archived,
        r1_0.created_at,
        r1_0.created_by,
        r1_0.creator,
        r1_0.illustration_url,
        r1_0.modified_by,
        r1_0.status,
        r1_0.title,
        r1_0.type,
        r1_0.updated_at,
        r1_0.[34myear[0m 
    [34mfrom[0m
        resources r1_0 
    [34mwhere[0m
        lower(r1_0.title)=lower(?) 
        [34mand[0m lower(r1_0.creator)=lower(?) 
        [34mand[0m r1_0.archived=[34mfalse[0m
[35m[Hibernate][0m 
    [34minsert[0m 
    [34minto[0m
        resources
        (archive_reason, archived, created_at, created_by, creator, illustration_url, modified_by, status, title, type, updated_at, [34myear[0m) 
    [34mvalues[0m
        (?, ?, ?, ?, ?, ?, ?, ?, ?, ?, ?, ?)
[38;5;145m2025-12-16 22:24:57,269[39m[38;5;188m [39m[38;5;107mINFO [39m[38;5;188m traceId=[39m[38;5;85m[39m[38;5;188m, spanId=[39m[38;5;85m[39m[38;5;188m [[39m[38;5;69mcom.akf.cat.int.goo.GoogleBooksSyncService[39m[38;5;188m] ([39m[38;5;71mQuarkus Main Thread[39m[38;5;188m) [39m[38;5;151m[39mSaved 19 new books for author [38;5;188mVictor Hugo[39m (1 duplicates skipped)[39m[38;5;203m[39m[38;5;227m
[39m[38;5;145m2025-12-16 22:24:57,269[39m[38;5;188m [39m[38;5;107mINFO [39m[38;5;188m traceId=[39m[38;5;85m[39m[38;5;188m, spanId=[39m[38;5;85m[39m[38;5;188m [[39m[38;5;69mcom.akf.cat.int.goo.GoogleBooksSyncService[39m[38;5;188m] ([39m[38;5;71mQuarkus Main Thread[39m[38;5;188m) [39m[38;5;151m[39mFetching books for author: [38;5;188mAli Koudri[39m[39m[38;5;203m[39m[38;5;227m
[39m[38;5;145m2025-12-16 22:24:58,058[39m[38;5;188m [39m[38;5;107mINFO [39m[38;5;188m traceId=[39m[38;5;85m[39m[38;5;188m, spanId=[39m[38;5;85m[39m[38;5;188m [[39m[38;5;69mcom.akf.cat.int.goo.GoogleBooksSyncService[39m[38;5;188m] ([39m[38;5;71mQuarkus Main Thread[39m[38;5;188m) [39m[38;5;151m[39mFound 20 books for author: [38;5;188mAli Koudri[39m[39m[38;5;203m[39m[38;5;227m
[39m[38;5;145m2025-12-16 22:24:58,059[39m[38;5;188m [39m[38;5;107mINFO [39m[38;5;188m traceId=[39m[38;5;85m[39m[38;5;188m, spanId=[39m[38;5;85m[39m[38;5;188m [[39m[38;5;69mcom.akf.cat.int.goo.GoogleBooksSyncService[39m[38;5;188m] ([39m[38;5;71mQuarkus Main Thread[39m[38;5;188m) [39m[38;5;151m[39mSuccessfully converted 20/20 books to resources[39m[38;5;203m[39m[38;5;227m
[39m[35m[Hibernate][0m 
    [34mselect[0m
        r1_0.id,
        r1_0.archive_reason,
        r1_0.archived,
        r1_0.created_at,
        r1_0.created_by,
        r1_0.creator,
        r1_0.illustration_url,
        r1_0.modified_by,
        r1_0.status,
        r1_0.title,
        r1_0.type,
        r1_0.updated_at,
        r1_0.[34myear[0m 
    [34mfrom[0m
        resources r1_0 
    [34mwhere[0m
        lower(r1_0.title)=lower(?) 
        [34mand[0m lower(r1_0.creator)=lower(?) 
        [34mand[0m r1_0.archived=[34mfalse[0m
[35m[Hibernate][0m 
    [34minsert[0m 
    [34minto[0m
        resources
        (archive_reason, archived, created_at, created_by, creator, illustration_url, modified_by, status, title, type, updated_at, [34myear[0m) 
    [34mvalues[0m
        (?, ?, ?, ?, ?, ?, ?, ?, ?, ?, ?, ?)
[35m[Hibernate][0m 
    [34mselect[0m
        r1_0.id,
        r1_0.archive_reason,
        r1_0.archived,
        r1_0.created_at,
        r1_0.created_by,
        r1_0.creator,
        r1_0.illustration_url,
        r1_0.modified_by,
        r1_0.status,
        r1_0.title,
        r1_0.type,
        r1_0.updated_at,
        r1_0.[34myear[0m 
    [34mfrom[0m
        resources r1_0 
    [34mwhere[0m
        lower(r1_0.title)=lower(?) 
        [34mand[0m lower(r1_0.creator)=lower(?) 
        [34mand[0m r1_0.archived=[34mfalse[0m
[35m[Hibernate][0m 
    [34minsert[0m 
    [34minto[0m
        resources
        (archive_reason, archived, created_at, created_by, creator, illustration_url, modified_by, status, title, type, updated_at, [34myear[0m) 
    [34mvalues[0m
        (?, ?, ?, ?, ?, ?, ?, ?, ?, ?, ?, ?)
[35m[Hibernate][0m 
    [34mselect[0m
        r1_0.id,
        r1_0.archive_reason,
        r1_0.archived,
        r1_0.created_at,
        r1_0.created_by,
        r1_0.creator,
        r1_0.illustration_url,
        r1_0.modified_by,
        r1_0.status,
        r1_0.title,
        r1_0.type,
        r1_0.updated_at,
        r1_0.[34myear[0m 
    [34mfrom[0m
        resources r1_0 
    [34mwhere[0m
        lower(r1_0.title)=lower(?) 
        [34mand[0m lower(r1_0.creator)=lower(?) 
        [34mand[0m r1_0.archived=[34mfalse[0m
[35m[Hibernate][0m 
    [34minsert[0m 
    [34minto[0m
        resources
        (archive_reason, archived, created_at, created_by, creator, illustration_url, modified_by, status, title, type, updated_at, [34myear[0m) 
    [34mvalues[0m
        (?, ?, ?, ?, ?, ?, ?, ?, ?, ?, ?, ?)
[35m[Hibernate][0m 
    [34mselect[0m
        r1_0.id,
        r1_0.archive_reason,
        r1_0.archived,
        r1_0.created_at,
        r1_0.created_by,
        r1_0.creator,
        r1_0.illustration_url,
        r1_0.modified_by,
        r1_0.status,
        r1_0.title,
        r1_0.type,
        r1_0.updated_at,
        r1_0.[34myear[0m 
    [34mfrom[0m
        resources r1_0 
    [34mwhere[0m
        lower(r1_0.title)=lower(?) 
        [34mand[0m lower(r1_0.creator)=lower(?) 
        [34mand[0m r1_0.archived=[34mfalse[0m
[35m[Hibernate][0m 
    [34minsert[0m 
    [34minto[0m
        resources
        (archive_reason, archived, created_at, created_by, creator, illustration_url, modified_by, status, title, type, updated_at, [34myear[0m) 
    [34mvalues[0m
        (?, ?, ?, ?, ?, ?, ?, ?, ?, ?, ?, ?)
[35m[Hibernate][0m 
    [34mselect[0m
        r1_0.id,
        r1_0.archive_reason,
        r1_0.archived,
        r1_0.created_at,
        r1_0.created_by,
        r1_0.creator,
        r1_0.illustration_url,
        r1_0.modified_by,
        r1_0.status,
        r1_0.title,
        r1_0.type,
        r1_0.updated_at,
        r1_0.[34myear[0m 
    [34mfrom[0m
        resources r1_0 
    [34mwhere[0m
        lower(r1_0.title)=lower(?) 
        [34mand[0m lower(r1_0.creator)=lower(?) 
        [34mand[0m r1_0.archived=[34mfalse[0m
[35m[Hibernate][0m 
    [34minsert[0m 
    [34minto[0m
        resources
        (archive_reason, archived, created_at, created_by, creator, illustration_url, modified_by, status, title, type, updated_at, [34myear[0m) 
    [34mvalues[0m
        (?, ?, ?, ?, ?, ?, ?, ?, ?, ?, ?, ?)
[35m[Hibernate][0m 
    [34mselect[0m
        r1_0.id,
        r1_0.archive_reason,
        r1_0.archived,
        r1_0.created_at,
        r1_0.created_by,
        r1_0.creator,
        r1_0.illustration_url,
        r1_0.modified_by,
        r1_0.status,
        r1_0.title,
        r1_0.type,
        r1_0.updated_at,
        r1_0.[34myear[0m 
    [34mfrom[0m
        resources r1_0 
    [34mwhere[0m
        lower(r1_0.title)=lower(?) 
        [34mand[0m lower(r1_0.creator)=lower(?) 
        [34mand[0m r1_0.archived=[34mfalse[0m
[35m[Hibernate][0m 
    [34minsert[0m 
    [34minto[0m
        resources
        (archive_reason, archived, created_at, created_by, creator, illustration_url, modified_by, status, title, type, updated_at, [34myear[0m) 
    [34mvalues[0m
        (?, ?, ?, ?, ?, ?, ?, ?, ?, ?, ?, ?)
[35m[Hibernate][0m 
    [34mselect[0m
        r1_0.id,
        r1_0.archive_reason,
        r1_0.archived,
        r1_0.created_at,
        r1_0.created_by,
        r1_0.creator,
        r1_0.illustration_url,
        r1_0.modified_by,
        r1_0.status,
        r1_0.title,
        r1_0.type,
        r1_0.updated_at,
        r1_0.[34myear[0m 
    [34mfrom[0m
        resources r1_0 
    [34mwhere[0m
        lower(r1_0.title)=lower(?) 
        [34mand[0m lower(r1_0.creator)=lower(?) 
        [34mand[0m r1_0.archived=[34mfalse[0m
[35m[Hibernate][0m 
    [34minsert[0m 
    [34minto[0m
        resources
        (archive_reason, archived, created_at, created_by, creator, illustration_url, modified_by, status, title, type, updated_at, [34myear[0m) 
    [34mvalues[0m
        (?, ?, ?, ?, ?, ?, ?, ?, ?, ?, ?, ?)
[35m[Hibernate][0m 
    [34mselect[0m
        r1_0.id,
        r1_0.archive_reason,
        r1_0.archived,
        r1_0.created_at,
        r1_0.created_by,
        r1_0.creator,
        r1_0.illustration_url,
        r1_0.modified_by,
        r1_0.status,
        r1_0.title,
        r1_0.type,
        r1_0.updated_at,
        r1_0.[34myear[0m 
    [34mfrom[0m
        resources r1_0 
    [34mwhere[0m
        lower(r1_0.title)=lower(?) 
        [34mand[0m lower(r1_0.creator)=lower(?) 
        [34mand[0m r1_0.archived=[34mfalse[0m
[35m[Hibernate][0m 
    [34minsert[0m 
    [34minto[0m
        resources
        (archive_reason, archived, created_at, created_by, creator, illustration_url, modified_by, status, title, type, updated_at, [34myear[0m) 
    [34mvalues[0m
        (?, ?, ?, ?, ?, ?, ?, ?, ?, ?, ?, ?)
[35m[Hibernate][0m 
    [34mselect[0m
        r1_0.id,
        r1_0.archive_reason,
        r1_0.archived,
        r1_0.created_at,
        r1_0.created_by,
        r1_0.creator,
        r1_0.illustration_url,
        r1_0.modified_by,
        r1_0.status,
        r1_0.title,
        r1_0.type,
        r1_0.updated_at,
        r1_0.[34myear[0m 
    [34mfrom[0m
        resources r1_0 
    [34mwhere[0m
        lower(r1_0.title)=lower(?) 
        [34mand[0m lower(r1_0.creator)=lower(?) 
        [34mand[0m r1_0.archived=[34mfalse[0m
[35m[Hibernate][0m 
    [34minsert[0m 
    [34minto[0m
        resources
        (archive_reason, archived, created_at, created_by, creator, illustration_url, modified_by, status, title, type, updated_at, [34myear[0m) 
    [34mvalues[0m
        (?, ?, ?, ?, ?, ?, ?, ?, ?, ?, ?, ?)
[35m[Hibernate][0m 
    [34mselect[0m
        r1_0.id,
        r1_0.archive_reason,
        r1_0.archived,
        r1_0.created_at,
        r1_0.created_by,
        r1_0.creator,
        r1_0.illustration_url,
        r1_0.modified_by,
        r1_0.status,
        r1_0.title,
        r1_0.type,
        r1_0.updated_at,
        r1_0.[34myear[0m 
    [34mfrom[0m
        resources r1_0 
    [34mwhere[0m
        lower(r1_0.title)=lower(?) 
        [34mand[0m lower(r1_0.creator)=lower(?) 
        [34mand[0m r1_0.archived=[34mfalse[0m
[35m[Hibernate][0m 
    [34minsert[0m 
    [34minto[0m
        resources
        (archive_reason, archived, created_at, created_by, creator, illustration_url, modified_by, status, title, type, updated_at, [34myear[0m) 
    [34mvalues[0m
        (?, ?, ?, ?, ?, ?, ?, ?, ?, ?, ?, ?)
[35m[Hibernate][0m 
    [34mselect[0m
        r1_0.id,
        r1_0.archive_reason,
        r1_0.archived,
        r1_0.created_at,
        r1_0.created_by,
        r1_0.creator,
        r1_0.illustration_url,
        r1_0.modified_by,
        r1_0.status,
        r1_0.title,
        r1_0.type,
        r1_0.updated_at,
        r1_0.[34myear[0m 
    [34mfrom[0m
        resources r1_0 
    [34mwhere[0m
        lower(r1_0.title)=lower(?) 
        [34mand[0m lower(r1_0.creator)=lower(?) 
        [34mand[0m r1_0.archived=[34mfalse[0m
[35m[Hibernate][0m 
    [34minsert[0m 
    [34minto[0m
        resources
        (archive_reason, archived, created_at, created_by, creator, illustration_url, modified_by, status, title, type, updated_at, [34myear[0m) 
    [34mvalues[0m
        (?, ?, ?, ?, ?, ?, ?, ?, ?, ?, ?, ?)
[35m[Hibernate][0m 
    [34mselect[0m
        r1_0.id,
        r1_0.archive_reason,
        r1_0.archived,
        r1_0.created_at,
        r1_0.created_by,
        r1_0.creator,
        r1_0.illustration_url,
        r1_0.modified_by,
        r1_0.status,
        r1_0.title,
        r1_0.type,
        r1_0.updated_at,
        r1_0.[34myear[0m 
    [34mfrom[0m
        resources r1_0 
    [34mwhere[0m
        lower(r1_0.title)=lower(?) 
        [34mand[0m lower(r1_0.creator)=lower(?) 
        [34mand[0m r1_0.archived=[34mfalse[0m
[35m[Hibernate][0m 
    [34minsert[0m 
    [34minto[0m
        resources
        (archive_reason, archived, created_at, created_by, creator, illustration_url, modified_by, status, title, type, updated_at, [34myear[0m) 
    [34mvalues[0m
        (?, ?, ?, ?, ?, ?, ?, ?, ?, ?, ?, ?)
[35m[Hibernate][0m 
    [34mselect[0m
        r1_0.id,
        r1_0.archive_reason,
        r1_0.archived,
        r1_0.created_at,
        r1_0.created_by,
        r1_0.creator,
        r1_0.illustration_url,
        r1_0.modified_by,
        r1_0.status,
        r1_0.title,
        r1_0.type,
        r1_0.updated_at,
        r1_0.[34myear[0m 
    [34mfrom[0m
        resources r1_0 
    [34mwhere[0m
        lower(r1_0.title)=lower(?) 
        [34mand[0m lower(r1_0.creator)=lower(?) 
        [34mand[0m r1_0.archived=[34mfalse[0m
[35m[Hibernate][0m 
    [34minsert[0m 
    [34minto[0m
        resources
        (archive_reason, archived, created_at, created_by, creator, illustration_url, modified_by, status, title, type, updated_at, [34myear[0m) 
    [34mvalues[0m
        (?, ?, ?, ?, ?, ?, ?, ?, ?, ?, ?, ?)
[35m[Hibernate][0m 
    [34mselect[0m
        r1_0.id,
        r1_0.archive_reason,
        r1_0.archived,
        r1_0.created_at,
        r1_0.created_by,
        r1_0.creator,
        r1_0.illustration_url,
        r1_0.modified_by,
        r1_0.status,
        r1_0.title,
        r1_0.type,
        r1_0.updated_at,
        r1_0.[34myear[0m 
    [34mfrom[0m
        resources r1_0 
    [34mwhere[0m
        lower(r1_0.title)=lower(?) 
        [34mand[0m lower(r1_0.creator)=lower(?) 
        [34mand[0m r1_0.archived=[34mfalse[0m
[35m[Hibernate][0m 
    [34mselect[0m
        r1_0.id,
        r1_0.archive_reason,
        r1_0.archived,
        r1_0.created_at,
        r1_0.created_by,
        r1_0.creator,
        r1_0.illustration_url,
        r1_0.modified_by,
        r1_0.status,
        r1_0.title,
        r1_0.type,
        r1_0.updated_at,
        r1_0.[34myear[0m 
    [34mfrom[0m
        resources r1_0 
    [34mwhere[0m
        lower(r1_0.title)=lower(?) 
        [34mand[0m lower(r1_0.creator)=lower(?) 
        [34mand[0m r1_0.archived=[34mfalse[0m
[35m[Hibernate][0m 
    [34minsert[0m 
    [34minto[0m
        resources
        (archive_reason, archived, created_at, created_by, creator, illustration_url, modified_by, status, title, type, updated_at, [34myear[0m) 
    [34mvalues[0m
        (?, ?, ?, ?, ?, ?, ?, ?, ?, ?, ?, ?)
[35m[Hibernate][0m 
    [34mselect[0m
        r1_0.id,
        r1_0.archive_reason,
        r1_0.archived,
        r1_0.created_at,
        r1_0.created_by,
        r1_0.creator,
        r1_0.illustration_url,
        r1_0.modified_by,
        r1_0.status,
        r1_0.title,
        r1_0.type,
        r1_0.updated_at,
        r1_0.[34myear[0m 
    [34mfrom[0m
        resources r1_0 
    [34mwhere[0m
        lower(r1_0.title)=lower(?) 
        [34mand[0m lower(r1_0.creator)=lower(?) 
        [34mand[0m r1_0.archived=[34mfalse[0m
[35m[Hibernate][0m 
    [34minsert[0m 
    [34minto[0m
        resources
        (archive_reason, archived, created_at, created_by, creator, illustration_url, modified_by, status, title, type, updated_at, [34myear[0m) 
    [34mvalues[0m
        (?, ?, ?, ?, ?, ?, ?, ?, ?, ?, ?, ?)
[35m[Hibernate][0m 
    [34mselect[0m
        r1_0.id,
        r1_0.archive_reason,
        r1_0.archived,
        r1_0.created_at,
        r1_0.created_by,
        r1_0.creator,
        r1_0.illustration_url,
        r1_0.modified_by,
        r1_0.status,
        r1_0.title,
        r1_0.type,
        r1_0.updated_at,
        r1_0.[34myear[0m 
    [34mfrom[0m
        resources r1_0 
    [34mwhere[0m
        lower(r1_0.title)=lower(?) 
        [34mand[0m lower(r1_0.creator)=lower(?) 
        [34mand[0m r1_0.archived=[34mfalse[0m
[35m[Hibernate][0m 
    [34minsert[0m 
    [34minto[0m
        resources
        (archive_reason, archived, created_at, created_by, creator, illustration_url, modified_by, status, title, type, updated_at, [34myear[0m) 
    [34mvalues[0m
        (?, ?, ?, ?, ?, ?, ?, ?, ?, ?, ?, ?)
[35m[Hibernate][0m 
    [34mselect[0m
        r1_0.id,
        r1_0.archive_reason,
        r1_0.archived,
        r1_0.created_at,
        r1_0.created_by,
        r1_0.creator,
        r1_0.illustration_url,
        r1_0.modified_by,
        r1_0.status,
        r1_0.title,
        r1_0.type,
        r1_0.updated_at,
        r1_0.[34myear[0m 
    [34mfrom[0m
        resources r1_0 
    [34mwhere[0m
        lower(r1_0.title)=lower(?) 
        [34mand[0m lower(r1_0.creator)=lower(?) 
        [34mand[0m r1_0.archived=[34mfalse[0m
[35m[Hibernate][0m 
    [34minsert[0m 
    [34minto[0m
        resources
        (archive_reason, archived, created_at, created_by, creator, illustration_url, modified_by, status, title, type, updated_at, [34myear[0m) 
    [34mvalues[0m
        (?, ?, ?, ?, ?, ?, ?, ?, ?, ?, ?, ?)
[35m[Hibernate][0m 
    [34mselect[0m
        r1_0.id,
        r1_0.archive_reason,
        r1_0.archived,
        r1_0.created_at,
        r1_0.created_by,
        r1_0.creator,
        r1_0.illustration_url,
        r1_0.modified_by,
        r1_0.status,
        r1_0.title,
        r1_0.type,
        r1_0.updated_at,
        r1_0.[34myear[0m 
    [34mfrom[0m
        resources r1_0 
    [34mwhere[0m
        lower(r1_0.title)=lower(?) 
        [34mand[0m lower(r1_0.creator)=lower(?) 
        [34mand[0m r1_0.archived=[34mfalse[0m
[35m[Hibernate][0m 
    [34minsert[0m 
    [34minto[0m
        resources
        (archive_reason, archived, created_at, created_by, creator, illustration_url, modified_by, status, title, type, updated_at, [34myear[0m) 
    [34mvalues[0m
        (?, ?, ?, ?, ?, ?, ?, ?, ?, ?, ?, ?)
[35m[Hibernate][0m 
    [34mselect[0m
        r1_0.id,
        r1_0.archive_reason,
        r1_0.archived,
        r1_0.created_at,
        r1_0.created_by,
        r1_0.creator,
        r1_0.illustration_url,
        r1_0.modified_by,
        r1_0.status,
        r1_0.title,
        r1_0.type,
        r1_0.updated_at,
        r1_0.[34myear[0m 
    [34mfrom[0m
        resources r1_0 
    [34mwhere[0m
        lower(r1_0.title)=lower(?) 
        [34mand[0m lower(r1_0.creator)=lower(?) 
        [34mand[0m r1_0.archived=[34mfalse[0m
[35m[Hibernate][0m 
    [34minsert[0m 
    [34minto[0m
        resources
        (archive_reason, archived, created_at, created_by, creator, illustration_url, modified_by, status, title, type, updated_at, [34myear[0m) 
    [34mvalues[0m
        (?, ?, ?, ?, ?, ?, ?, ?, ?, ?, ?, ?)
[38;5;145m2025-12-16 22:24:58,080[39m[38;5;188m [39m[38;5;107mINFO [39m[38;5;188m traceId=[39m[38;5;85m[39m[38;5;188m, spanId=[39m[38;5;85m[39m[38;5;188m [[39m[38;5;69mcom.akf.cat.int.goo.GoogleBooksSyncService[39m[38;5;188m] ([39m[38;5;71mQuarkus Main Thread[39m[38;5;188m) [39m[38;5;151m[39mSaved 19 new books for author [38;5;188mAli Koudri[39m (1 duplicates skipped)[39m[38;5;203m[39m[38;5;227m
[39m[38;5;145m2025-12-16 22:24:58,081[39m[38;5;188m [39m[38;5;107mINFO [39m[38;5;188m traceId=[39m[38;5;85m[39m[38;5;188m, spanId=[39m[38;5;85m[39m[38;5;188m [[39m[38;5;69mcom.akf.cat.int.goo.GoogleBooksSyncService[39m[38;5;188m] ([39m[38;5;71mQuarkus Main Thread[39m[38;5;188m) [39m[38;5;151m[39mSync summary: 60 books fetched, 58 saved, 2 duplicates skipped[39m[38;5;203m[39m[38;5;227m
[39m[35m[Hibernate][0m 
    [34minsert[0m 
    [34minto[0m
        resource_keywords
        (resource_id, keyword) 
    [34mvalues[0m
        (?, ?)
[35m[Hibernate][0m 
    [34minsert[0m 
    [34minto[0m
        resource_keywords
        (resource_id, keyword) 
    [34mvalues[0m
        (?, ?)
[35m[Hibernate][0m 
    [34minsert[0m 
    [34minto[0m
        resource_keywords
        (resource_id, keyword) 
    [34mvalues[0m
        (?, ?)
[35m[Hibernate][0m 
    [34minsert[0m 
    [34minto[0m
        resource_keywords
        (resource_id, keyword) 
    [34mvalues[0m
        (?, ?)
[35m[Hibernate][0m 
    [34minsert[0m 
    [34minto[0m
        resource_keywords
        (resource_id, keyword) 
    [34mvalues[0m
        (?, ?)
[35m[Hibernate][0m 
    [34minsert[0m 
    [34minto[0m
        resource_keywords
        (resource_id, keyword) 
    [34mvalues[0m
        (?, ?)
[35m[Hibernate][0m 
    [34minsert[0m 
    [34minto[0m
        resource_keywords
        (resource_id, keyword) 
    [34mvalues[0m
        (?, ?)
[35m[Hibernate][0m 
    [34minsert[0m 
    [34minto[0m
        resource_keywords
        (resource_id, keyword) 
    [34mvalues[0m
        (?, ?)
[35m[Hibernate][0m 
    [34minsert[0m 
    [34minto[0m
        resource_keywords
        (resource_id, keyword) 
    [34mvalues[0m
        (?, ?)
[35m[Hibernate][0m 
    [34minsert[0m 
    [34minto[0m
        resource_keywords
        (resource_id, keyword) 
    [34mvalues[0m
        (?, ?)
[35m[Hibernate][0m 
    [34minsert[0m 
    [34minto[0m
        resource_keywords
        (resource_id, keyword) 
    [34mvalues[0m
        (?, ?)
[35m[Hibernate][0m 
    [34minsert[0m 
    [34minto[0m
        resource_keywords
        (resource_id, keyword) 
    [34mvalues[0m
        (?, ?)
[35m[Hibernate][0m 
    [34minsert[0m 
    [34minto[0m
        resource_keywords
        (resource_id, keyword) 
    [34mvalues[0m
        (?, ?)
[35m[Hibernate][0m 
    [34minsert[0m 
    [34minto[0m
        resource_keywords
        (resource_id, keyword) 
    [34mvalues[0m
        (?, ?)
[35m[Hibernate][0m 
    [34minsert[0m 
    [34minto[0m
        resource_keywords
        (resource_id, keyword) 
    [34mvalues[0m
        (?, ?)
[35m[Hibernate][0m 
    [34minsert[0m 
    [34minto[0m
        resource_keywords
        (resource_id, keyword) 
    [34mvalues[0m
        (?, ?)
[35m[Hibernate][0m 
    [34minsert[0m 
    [34minto[0m
        resource_keywords
        (resource_id, keyword) 
    [34mvalues[0m
        (?, ?)
[35m[Hibernate][0m 
    [34minsert[0m 
    [34minto[0m
        resource_keywords
        (resource_id, keyword) 
    [34mvalues[0m
        (?, ?)
[35m[Hibernate][0m 
    [34minsert[0m 
    [34minto[0m
        resource_keywords
        (resource_id, keyword) 
    [34mvalues[0m
        (?, ?)
[35m[Hibernate][0m 
    [34minsert[0m 
    [34minto[0m
        resource_keywords
        (resource_id, keyword) 
    [34mvalues[0m
        (?, ?)
[35m[Hibernate][0m 
    [34minsert[0m 
    [34minto[0m
        resource_keywords
        (resource_id, keyword) 
    [34mvalues[0m
        (?, ?)
[35m[Hibernate][0m 
    [34minsert[0m 
    [34minto[0m
        resource_keywords
        (resource_id, keyword) 
    [34mvalues[0m
        (?, ?)
[35m[Hibernate][0m 
    [34minsert[0m 
    [34minto[0m
        resource_keywords
        (resource_id, keyword) 
    [34mvalues[0m
        (?, ?)
[35m[Hibernate][0m 
    [34minsert[0m 
    [34minto[0m
        resource_keywords
        (resource_id, keyword) 
    [34mvalues[0m
        (?, ?)
[35m[Hibernate][0m 
    [34minsert[0m 
    [34minto[0m
        resource_keywords
        (resource_id, keyword) 
    [34mvalues[0m
        (?, ?)
[35m[Hibernate][0m 
    [34minsert[0m 
    [34minto[0m
        resource_keywords
        (resource_id, keyword) 
    [34mvalues[0m
        (?, ?)
[35m[Hibernate][0m 
    [34minsert[0m 
    [34minto[0m
        resource_keywords
        (resource_id, keyword) 
    [34mvalues[0m
        (?, ?)
[35m[Hibernate][0m 
    [34minsert[0m 
    [34minto[0m
        resource_keywords
        (resource_id, keyword) 
    [34mvalues[0m
        (?, ?)
[35m[Hibernate][0m 
    [34minsert[0m 
    [34minto[0m
        resource_keywords
        (resource_id, keyword) 
    [34mvalues[0m
        (?, ?)
[35m[Hibernate][0m 
    [34minsert[0m 
    [34minto[0m
        resource_keywords
        (resource_id, keyword) 
    [34mvalues[0m
        (?, ?)
[35m[Hibernate][0m 
    [34minsert[0m 
    [34minto[0m
        resource_keywords
        (resource_id, keyword) 
    [34mvalues[0m
        (?, ?)
[38;5;145m2025-12-16 22:24:58,089[39m[38;5;188m [39m[38;5;107mINFO [39m[38;5;188m traceId=[39m[38;5;85m[39m[38;5;188m, spanId=[39m[38;5;85m[39m[38;5;188m [[39m[38;5;69mcom.akf.cat.int.goo.GoogleBooksSyncService[39m[38;5;188m] ([39m[38;5;71mQuarkus Main Thread[39m[38;5;188m) [39m[38;5;151m================================================================================[39m[38;5;203m[39m[38;5;227m
[39m[38;5;145m2025-12-16 22:24:58,089[39m[38;5;188m [39m[38;5;107mINFO [39m[38;5;188m traceId=[39m[38;5;85m[39m[38;5;188m, spanId=[39m[38;5;85m[39m[38;5;188m [[39m[38;5;69mcom.akf.cat.int.goo.GoogleBooksSyncService[39m[38;5;188m] ([39m[38;5;71mQuarkus Main Thread[39m[38;5;188m) [39m[38;5;151mGoogle Books synchronization completed[39m[38;5;203m[39m[38;5;227m
[39m[38;5;145m2025-12-16 22:24:58,089[39m[38;5;188m [39m[38;5;107mINFO [39m[38;5;188m traceId=[39m[38;5;85m[39m[38;5;188m, spanId=[39m[38;5;85m[39m[38;5;188m [[39m[38;5;69mcom.akf.cat.int.goo.GoogleBooksSyncService[39m[38;5;188m] ([39m[38;5;71mQuarkus Main Thread[39m[38;5;188m) [39m[38;5;151m================================================================================[39m[38;5;203m[39m[38;5;227m
[39m[38;5;145m2025-12-16 22:24:58,091[39m[38;5;188m [39m[38;5;107mINFO [39m[38;5;188m traceId=[39m[38;5;85m[39m[38;5;188m, spanId=[39m[38;5;85m[39m[38;5;188m [[39m[38;5;69mcom.akf.cat.inf.con.ConsulRegistrationService[39m[38;5;188m] ([39m[38;5;71mQuarkus Main Thread[39m[38;5;188m) [39m[38;5;151mConsul registration is disabled[39m[38;5;203m[39m[38;5;227m
[39m[38;5;145m2025-12-16 22:24:58,092[39m[38;5;188m [39m[38;5;107mINFO [39m[38;5;188m traceId=[39m[38;5;85m[39m[38;5;188m, spanId=[39m[38;5;85m[39m[38;5;188m [[39m[38;5;69mio.quarkus[39m[38;5;188m] ([39m[38;5;71mQuarkus Main Thread[39m[38;5;188m) [39m[38;5;151m[39m[38;5;188mcatalog-service 1.0.0-SNAPSHOT[39m [38;5;188mon JVM[39m (powered by Quarkus [38;5;188m3.28.4[39m) started in [38;5;188m2.730[39ms. [38;5;188mListening on: http://0.0.0.0:8081[39m[39m[38;5;203m[39m[38;5;227m
[39m[38;5;145m2025-12-16 22:24:58,092[39m[38;5;188m [39m[38;5;107mINFO [39m[38;5;188m traceId=[39m[38;5;85m[39m[38;5;188m, spanId=[39m[38;5;85m[39m[38;5;188m [[39m[38;5;69mio.quarkus[39m[38;5;188m] ([39m[38;5;71mQuarkus Main Thread[39m[38;5;188m) [39m[38;5;151m[39mProfile[38;5;188m[39m [38;5;188mdev[39m activated. [38;5;188mLive Coding activated.[39m[39m[38;5;203m[39m[38;5;227m
[39m[38;5;145m2025-12-16 22:24:58,092[39m[38;5;188m [39m[38;5;107mINFO [39m[38;5;188m traceId=[39m[38;5;85m[39m[38;5;188m, spanId=[39m[38;5;85m[39m[38;5;188m [[39m[38;5;69mio.quarkus[39m[38;5;188m] ([39m[38;5;71mQuarkus Main Thread[39m[38;5;188m) [39m[38;5;151m[39mInstalled features: [[38;5;188magroal, cache, cdi, compose, hibernate-orm, hibernate-orm-panache, hibernate-validator, jdbc-postgresql, kafka-client, messaging, messaging-kafka, micrometer, narayana-jta, oidc, opentelemetry, qute, redis-client, rest, rest-client, rest-client-jackson, rest-jackson, rest-qute, security, smallrye-context-propagation, smallrye-fault-tolerance, smallrye-health, smallrye-openapi, swagger-ui, vertx[39m][39m[38;5;203m[39m[38;5;227m
[39m[38;5;145m2025-12-16 22:24:58,092[39m[38;5;188m [39m[38;5;107mINFO [39m[38;5;188m traceId=[39m[38;5;85m5ff153dc3fa0d66c8c9974c6c02c7033[39m[38;5;188m, spanId=[39m[38;5;85meaa11f886c05b50c[39m[38;5;188m [[39m[38;5;69mio.qua.dep.dev.RuntimeUpdatesProcessor[39m[38;5;188m] ([39m[38;5;71mvert.x-worker-thread-9[39m[38;5;188m) [39m[38;5;151m[39mLive reload total time: [38;5;188m2.741[39ms [39m[38;5;203m[39m[38;5;227m
[39m[35m[Hibernate][0m 
    [34mselect[0m
        r1_0.id,
        r1_0.archive_reason,
        r1_0.archived,
        r1_0.created_at,
        r1_0.created_by,
        r1_0.creator,
        r1_0.illustration_url,
        r1_0.modified_by,
        r1_0.status,
        r1_0.title,
        r1_0.type,
        r1_0.updated_at,
        r1_0.[34myear[0m 
    [34mfrom[0m
        resources r1_0 
    [34mwhere[0m
        r1_0.archived=?
[35m[Hibernate][0m 
    [34mselect[0m
        k1_0.resource_id,
        k1_0.keyword 
    [34mfrom[0m
        resource_keywords k1_0 
    [34mwhere[0m
        k1_0.resource_id = [34many[0m (?)
[35m[Hibernate][0m 
    [34mselect[0m
        k1_0.resource_id,
        k1_0.keyword 
    [34mfrom[0m
        resource_keywords k1_0 
    [34mwhere[0m
        k1_0.resource_id = [34many[0m (?)
[35m[Hibernate][0m 
    [34mselect[0m
        k1_0.resource_id,
        k1_0.keyword 
    [34mfrom[0m
        resource_keywords k1_0 
    [34mwhere[0m
        k1_0.resource_id = [34many[0m (?)
[35m[Hibernate][0m 
    [34mselect[0m
        k1_0.resource_id,
        k1_0.keyword 
    [34mfrom[0m
        resource_keywords k1_0 
    [34mwhere[0m
        k1_0.resource_id = [34many[0m (?)
[35m[Hibernate][0m 
    [34mselect[0m
        r1_0.id,
        r1_0.archive_reason,
        r1_0.archived,
        r1_0.created_at,
        r1_0.created_by,
        r1_0.creator,
        r1_0.illustration_url,
        r1_0.modified_by,
        r1_0.status,
        r1_0.title,
        r1_0.type,
        r1_0.updated_at,
        r1_0.[34myear[0m 
    [34mfrom[0m
        resources r1_0 
    [34mwhere[0m
        r1_0.id=? 
        [34mand[0m r1_0.archived=[34mfalse[0m 
    [34mfetch[0m
        [34mfirst[0m ? [34mrows[0m [34monly[0m
[35m[Hibernate][0m 
    [34mselect[0m
        k1_0.resource_id,
        k1_0.keyword 
    [34mfrom[0m
        resource_keywords k1_0 
    [34mwhere[0m
        k1_0.resource_id=?
